id, x, y8339, 2.496, 2.271 
5989, 2.350, 2.425 
5982, 1.667, -0.972 
5983, 4.504, -1.954 
5980, 4.745, -2.059 
5986, 1.683, -0.943 
5984, 4.507, -1.955 
7517, 6.945, -6.119 
7516, 5.908, -4.746 
7515, 5.523, -4.342 
7514, 5.467, -4.273 
7513, 6.826, -5.947 
7512, 7.486, -6.873 
7511, -4.479, -0.436 
7510, -4.479, -0.436 
7519, 6.378, -5.437 
7518, 6.458, -5.533 
6357, 3.425, 4.928 
6150, 4.833, -3.559 
6151, 1.263, 0.955 
6158, 1.625, -0.739 
6159, 2.196, -1.235 
6797, 2.641, 3.500 
6795, 0.295, 1.602 
6792, 0.944, -0.741 
6793, 0.944, -0.741 
8307, 2.525, 1.924 
6791, 0.944, -0.741 
6721, -3.228, -0.779 
5854, -0.045, -0.275 
5855, 3.278, -1.840 
5856, 3.268, -1.836 
5857, 3.268, -1.836 
5850, -0.272, -1.861 
5851, -0.272, -1.861 
5852, 3.274, -1.839 
5853, 3.274, -1.839 
5858, 3.266, -1.836 
5859, 3.268, -1.836 
6726, -6.240, -0.823 
6725, -4.567, -1.240 
6358, -0.272, -1.860 
6359, 0.607, 3.205 
5488, -5.724, -0.633 
6194, 0.555, 1.650 
7889, 1.344, -0.795 
8755, -4.663, 0.739 
7881, 0.971, 0.457 
7880, 0.201, 1.826 
7883, 0.971, 0.457 
7882, 0.971, 0.457 
8204, 2.304, 1.945 
8304, 1.581, -0.677 
5821, 1.550, -0.999 
6588, 0.933, 0.902 
9528, 1.425, 1.245 
7995, 2.324, 1.551 
9258, -3.356, -0.323 
9259, -4.312, -0.394 
9524, 1.501, 1.279 
9525, 1.520, 1.222 
9526, 1.425, 1.245 
9527, 1.501, 1.279 
9252, -4.513, -0.514 
9521, 3.665, 2.368 
9250, -4.758, -0.718 
9251, -4.743, -0.717 
8200, 2.801, 1.651 
7861, 1.549, -0.688 
7860, 3.606, 1.887 
8753, -4.663, 0.739 
9434, 3.032, 2.103 
7869, 2.585, 1.130 
8092, 1.002, 2.077 
6198, 1.148, 2.863 
6199, 1.384, 0.615 
9411, 2.812, -1.304 
9412, 2.812, -1.304 
6371, 4.834, -3.560 
6372, 4.833, -3.559 
6373, 2.375, -1.138 
9340, -2.731, 0.657 
9342, -2.654, 0.700 
9638, 1.691, 0.485 
9639, 1.462, 0.334 
9635, 3.024, 1.535 
8941, -0.486, -0.727 
8940, -0.866, -0.785 
8942, -1.618, 0.645 
8945, -4.135, -0.218 
8944, -4.869, 1.132 
8947, -4.280, 0.023 
8946, -4.199, -0.083 
8948, -4.390, -0.323 
9347, 2.497, 2.432 
7261, 2.365, -1.653 
7260, 3.445, 0.322 
7263, 2.534, 1.518 
7262, 2.536, 1.285 
6204, 1.558, -0.686 
6205, 1.480, -0.840 
6206, 1.515, -0.876 
6207, 1.421, -0.758 
6200, 1.427, 0.576 
6201, 1.009, 1.883 
6203, 0.774, 1.582 
6208, 3.088, -0.208 
6209, -4.416, -0.430 
5407, 0.578, 2.511 
6808, 0.944, -0.741 
6809, 3.665, 2.368 
6806, 1.587, -0.674 
6807, 1.589, -0.673 
6804, 1.582, -0.677 
6805, 1.586, -0.675 
7148, 2.061, -0.469 
9619, 0.160, 2.341 
5182, -5.708, -0.633 
5183, 3.562, 1.491 
5181, 0.427, 2.374 
5186, 3.307, 1.779 
5187, 2.728, 1.953 
5185, 3.144, 1.902 
5188, 3.749, 1.139 
5189, 2.980, 1.855 
6485, 4.328, -1.880 
8837, -4.034, -0.377 
8830, 1.576, -0.679 
9598, 1.393, 0.629 
8975, -4.768, 0.703 
7678, 0.775, 0.922 
7679, 0.580, 1.301 
7676, 1.041, 1.537 
7677, 1.207, 0.541 
7674, 0.375, 1.473 
7672, 1.061, 0.573 
7673, 0.646, 0.972 
5458, -5.525, -0.593 
5459, 8.788, -8.566 
7078, 2.273, -1.082 
5450, 3.484, 0.377 
5451, 3.492, 2.252 
7076, 1.930, 0.137 
5453, -5.525, -0.593 
5454, 3.665, 1.439 
5455, 3.742, 1.576 
5456, 3.733, 1.580 
5457, -5.356, -0.533 
6976, 0.853, 2.395 
8162, 2.286, 2.121 
6974, 0.292, 1.444 
8160, 2.913, 2.279 
6972, 3.544, 0.551 
8165, 2.419, 2.362 
8164, 2.671, 2.453 
8169, 1.638, -0.565 
6978, 0.853, 2.395 
6979, 1.039, 2.205 
5533, -0.256, -0.791 
5532, -0.043, -0.676 
5531, -0.114, -0.597 
5530, -0.187, -0.613 
5537, 1.052, -0.865 
5536, 1.055, -0.863 
5535, 1.047, -0.866 
5534, 0.687, -0.959 
5538, 1.065, -0.860 
9659, 1.711, -0.580 
7188, 1.538, -0.687 
8764, -4.665, 0.739 
8767, -4.665, 0.739 
8766, -4.665, 0.739 
8761, -4.664, 0.739 
8760, -4.664, 0.739 
8763, -4.665, 0.739 
8762, -4.665, 0.739 
7182, -4.479, -0.436 
8769, -4.665, 0.739 
8768, -4.665, 0.739 
7187, 2.332, -1.347 
8387, -4.479, -0.436 
8385, -0.671, 0.688 
8686, 1.653, -0.534 
8019, 2.935, 2.690 
8018, 3.003, 2.780 
8545, 2.567, -1.880 
8544, 2.607, -1.933 
8015, 1.636, -0.470 
8011, 1.633, -0.468 
8010, 2.064, -0.013 
5737, -0.652, -0.466 
6571, 3.184, 1.979 
7451, -4.479, -0.436 
6578, 4.588, -1.988 
6579, 3.739, -0.902 
5100, 1.115, 2.573 
5621, -5.494, -0.186 
5620, -5.379, -0.562 
7694, -5.618, -0.610 
7695, -5.825, -0.653 
7696, -5.384, -0.279 
7691, -5.550, 0.492 
7692, -5.384, -0.279 
7693, -5.716, -0.628 
8498, 2.495, 2.486 
6417, 6.554, -5.728 
8684, 0.888, 0.844 
5995, 1.665, -0.968 
5994, 2.719, 3.512 
5997, 1.859, 0.916 
5996, -0.272, -1.861 
5991, 1.906, -0.301 
5990, 0.701, 1.558 
5993, 1.568, -0.682 
5992, 2.377, 2.559 
5999, 1.859, 0.916 
8685, 1.930, -0.072 
6534, -0.272, -1.861 
7522, 7.118, -6.325 
7523, 6.562, -5.654 
7520, 7.489, -6.871 
7521, 5.904, -4.743 
7526, 2.401, 0.450 
7527, 1.951, -0.328 
7524, -4.479, -0.436 
7525, -0.442, 2.162 
5667, -4.308, -0.657 
7528, 1.956, -0.296 
7529, 1.450, -1.049 
6533, -0.272, -1.861 
9058, 1.085, -0.854 
6530, -0.272, -1.861 
5664, -0.272, -1.861 
5079, -0.272, -1.861 
6142, 0.620, -0.670 
6141, 2.204, 3.254 
6147, 0.620, -0.670 
6145, -5.435, -0.338 
6144, 2.203, 3.250 
6148, 2.622, -1.563 
6785, 1.141, -0.614 
6784, 0.944, -0.741 
6787, 0.649, -0.780 
6786, -0.652, -0.466 
5847, 0.701, 1.558 
5845, 2.649, 4.187 
5844, -5.783, -0.645 
5841, 1.550, -0.999 
5849, -0.272, -1.861 
7713, 6.160, -5.190 
5499, -1.843, -0.124 
5721, -5.671, -0.627 
5203, 1.655, 1.309 
5542, 0.117, -0.824 
9048, 0.650, -0.728 
7493, 2.853, 4.093 
9249, -4.924, -0.518 
9537, 6.458, -5.507 
9240, -0.272, -1.861 
9765, 2.032, 0.294 
9532, 0.914, -0.746 
7852, 1.739, 1.534 
9043, 1.539, -0.682 
7850, -4.649, -0.476 
7851, 0.730, 1.563 
7857, 1.987, 2.227 
9042, 0.036, 0.343 
7859, 3.606, 1.887 
4828, -6.091, -1.079 
4829, -7.832, -1.539 
4827, -7.832, -1.539 
5494, -1.876, 0.108 
7980, 0.630, -0.734 
7982, 0.705, -0.731 
7984, 1.543, -0.680 
6362, 0.752, 3.144 
9560, -1.380, 2.915 
7040, 0.998, 2.277 
9335, -4.660, -0.309 
9337, -4.762, -0.209 
9336, -4.765, -0.205 
9339, -2.481, 0.717 
9338, -4.945, -0.046 
9629, 3.624, 0.990 
9622, 1.551, 0.488 
9624, 1.646, 2.940 
7218, 5.902, -4.742 
7219, 1.549, 1.267 
7210, 5.909, -4.748 
7211, 1.507, 2.420 
7213, 1.308, 1.998 
7214, 1.583, -0.674 
7215, -2.772, 2.873 
7216, -5.873, -0.911 
7217, -5.816, -0.892 
6217, 0.971, -0.527 
6216, -5.435, -0.338 
6215, 1.951, -0.788 
6213, 1.494, 1.207 
6212, 1.602, 1.090 
6211, 1.623, -0.657 
6210, -7.984, -2.469 
6219, 1.097, -0.533 
6811, 1.629, -0.665 
6810, 1.698, -0.634 
6813, 1.639, -0.666 
6812, 1.641, -0.666 
6814, 0.509, -0.663 
6816, 1.640, -0.666 
9757, -0.777, -0.992 
9756, -0.941, -0.911 
9751, -0.831, -1.059 
7324, -5.830, -0.649 
7325, 1.547, -0.673 
7327, 1.618, -0.653 
5199, -3.092, -0.655 
7321, 3.756, 1.545 
7323, -1.264, -0.854 
5197, 3.703, 1.394 
5196, 2.634, 0.654 
5191, 0.780, -0.758 
5190, 2.980, 1.855 
8848, -4.697, 0.729 
8849, -4.655, 0.738 
8841, -5.212, 1.195 
8842, -4.655, 0.738 
8843, -4.656, 0.738 
8844, -4.665, 0.739 
8845, -4.665, 0.739 
8846, -4.666, 0.739 
8847, -4.693, 0.732 
7661, -5.830, -0.654 
7660, -5.847, -0.659 
7663, -5.483, 0.494 
7662, -4.844, -0.104 
7665, 1.871, 0.491 
7666, 1.790, 2.292 
5449, 3.588, 1.055 
8850, -4.662, 0.739 
5443, 2.344, -0.277 
5442, -3.371, -0.373 
5441, 3.716, 1.406 
5440, 4.935, -2.146 
5447, 3.507, 0.825 
5446, 3.557, 0.957 
7061, 2.569, 2.112 
7060, 1.630, -0.572 
5893, -5.435, -0.338 
6960, 0.268, 1.581 
6963, 1.417, 0.947 
6962, 1.906, -0.035 
5896, -5.655, -0.829 
8158, 2.828, 2.219 
8159, 2.911, 2.294 
8156, 2.959, 2.339 
8157, 2.829, 2.219 
7599, 2.578, 3.978 
8620, 0.502, 0.202 
8153, 3.483, -1.654 
8150, 2.859, 2.282 
8151, 3.316, -1.601 
5508, -5.222, 0.691 
5509, -5.414, -0.551 
5505, -1.419, -0.668 
7884, 0.971, 0.457 
8712, 1.523, -0.649 
8713, -4.794, 0.703 
8717, 1.875, 0.111 
8718, -4.664, 0.739 
8719, 1.869, -0.492 
7197, 1.557, -0.677 
7195, 3.073, -1.508 
7567, -4.479, -0.436 
6400, -4.567, -1.240 
8028, 2.256, -1.259 
9986, 3.472, -0.063 
8189, -5.742, -0.638 
9984, 3.595, -0.020 
8021, 3.005, 2.307 
8026, 2.825, 2.504 
8027, 3.018, 2.032 
8536, 2.612, 2.223 
8537, 2.617, 2.221 
7441, 3.136, 0.334 
7440, 3.044, 0.178 
5618, -4.943, -0.758 
7442, 3.994, -2.632 
7445, 3.360, 0.795 
6404, 3.189, 0.477 
7447, 5.231, -4.070 
7446, 3.238, 0.257 
7449, 5.629, -4.463 
7448, 6.615, -5.715 
6567, 1.573, -0.680 
5611, -5.467, -0.837 
6561, 1.540, -0.691 
6560, 1.573, -0.680 
6563, 2.240, 2.172 
6562, 1.506, -0.709 
7686, 1.010, 0.495 
7685, -5.632, 0.871 
7684, -4.705, 0.134 
7681, -4.479, -0.436 
7680, -2.715, 0.693 
6408, -0.272, -1.861 
9155, 0.096, -0.888 
5714, -0.272, -1.861 
6467, 0.135, 3.451 
5557, -4.509, -0.620 
8180, 1.562, -0.658 
8444, 1.759, -0.911 
8441, 1.468, -0.454 
8442, 1.468, -0.454 
5710, -0.272, -1.861 
9152, -0.059, -0.939 
9256, -4.505, -0.500 
7539, -4.479, -0.436 
7538, 2.354, -1.290 
9257, -3.644, -0.345 
7535, 2.719, 0.873 
7534, 2.863, 1.301 
7537, 1.575, -0.801 
7536, 2.182, 0.092 
7531, 1.560, -0.817 
7530, 1.450, -1.043 
7533, 2.843, 1.404 
7532, 2.863, 1.301 
9520, 3.665, 2.368 
9253, -4.345, -0.658 
9522, 1.829, 1.277 
6178, 2.498, -0.160 
6176, 0.552, 1.653 
6177, 2.339, 2.996 
6172, 1.470, -0.729 
6170, 1.490, -0.723 
6171, 1.501, -0.719 
6777, -0.166, 1.834 
5872, 1.489, 1.382 
5873, 1.481, 1.391 
5870, 1.574, -0.647 
5871, 3.268, -1.836 
5876, 3.268, -1.836 
9961, -1.003, -0.878 
5874, 1.470, -0.925 
9963, 1.835, 3.019 
5879, 1.481, 1.391 
5553, -5.582, -0.605 
5278, 0.388, -0.726 
5131, 1.248, 4.051 
7590, -4.784, 1.125 
9481, 6.948, -6.106 
8866, -5.165, 1.186 
7904, 1.145, 1.204 
9486, 2.316, 1.633 
5725, -6.018, -0.712 
6680, 1.197, -0.681 
6681, 1.072, -0.707 
6683, 1.197, -0.681 
6684, 0.723, -0.696 
6685, 0.663, -0.691 
7228, 3.550, 2.050 
5074, 3.321, -0.051 
9502, 1.599, -0.766 
9503, 1.571, -0.746 
7849, -4.363, -0.413 
7848, -4.265, -0.235 
7845, -5.697, -0.575 
7844, 2.848, -1.519 
7847, -5.008, -0.716 
7846, -5.747, -0.893 
7841, 2.383, 2.709 
7840, 2.166, 2.007 
7843, 1.713, -0.428 
4838, -1.365, 0.881 
6355, 1.897, 4.688 
6353, 2.071, -0.131 
4831, 1.193, -0.877 
4830, -6.241, -0.812 
4835, -1.365, 0.881 
4834, -0.272, -1.861 
4837, -0.272, -1.861 
4836, -0.272, -1.861 
7993, 2.052, 1.802 
6197, 1.666, -0.966 
6191, 2.336, 2.988 
9438, 2.524, 2.212 
9436, 2.365, 2.347 
7999, 2.142, 0.091 
9435, 2.361, 2.353 
9432, 3.156, 2.212 
9433, 2.989, 1.900 
9430, 3.096, 2.399 
9431, 2.939, 2.454 
9616, 2.876, 1.319 
9341, -2.671, 0.564 
9614, 2.876, 1.319 
9615, 2.810, 1.901 
9344, 2.443, 2.406 
9613, 2.669, 0.975 
9346, -0.272, -1.861 
5299, 7.533, -6.882 
9348, -0.272, -1.860 
9349, -0.272, -1.860 
5294, 3.285, 3.483 
5295, -0.272, -1.861 
5292, 0.879, -0.558 
5293, 3.209, 2.272 
5290, 7.044, -6.283 
5291, 1.464, -1.262 
9664, -0.272, -1.861 
9185, -1.151, -1.139 
5058, 3.515, 1.537 
9180, -0.042, -0.941 
9181, -0.503, -0.935 
5054, 3.518, 1.539 
5055, 3.508, 1.530 
5057, -0.272, -1.861 
5051, 1.524, -0.690 
5053, -0.272, -1.861 
7209, 5.910, -4.748 
7208, -4.479, -0.436 
9230, -0.272, -1.860 
8255, 3.273, 1.979 
7203, 1.875, -0.603 
7202, 1.872, -0.663 
7206, 1.618, -0.664 
7205, -0.216, 1.585 
7204, 0.293, 1.529 
8141, 1.544, -0.677 
6220, -5.435, -0.338 
6221, 3.509, -1.575 
6226, 1.942, 1.917 
6227, 1.961, 0.944 
6225, 2.086, 2.343 
6228, 1.771, 0.494 
6229, 2.151, 2.633 
6996, 2.836, -1.379 
8142, 2.888, 2.298 
8145, 2.891, 2.299 
6991, 3.495, 1.426 
9762, 0.053, 3.012 
9761, 2.032, 0.294 
9766, 3.955, -2.694 
8147, 2.897, 2.301 
9419, 1.535, -0.661 
9768, 0.053, 3.012 
9769, 0.053, 3.012 
9297, 1.462, -0.244 
9294, 1.917, 2.067 
9295, -0.272, -1.861 
4956, -6.465, -1.860 
8859, 0.585, -0.812 
8858, -3.197, 0.665 
4954, -4.848, -0.689 
8853, -4.678, 0.739 
8852, 1.535, -0.683 
8851, -4.662, 0.739 
4955, -5.845, -1.631 
8857, 1.535, -0.683 
8856, 1.529, -0.686 
8855, 1.535, -0.683 
8854, -4.678, 0.740 
5476, -5.525, -0.593 
5474, -5.582, -0.605 
5475, -5.682, -0.625 
5472, -5.618, -0.608 
5473, -5.563, -0.580 
5470, -3.265, -0.579 
5471, -5.041, -0.708 
5478, -3.426, -0.393 
5479, -2.409, 0.484 
6415, -0.272, -1.861 
5272, -5.437, -0.247 
7052, -7.984, -2.469 
7050, 0.334, 1.364 
7051, 1.028, 2.196 
7056, 2.857, -1.696 
5279, 0.751, 2.573 
7054, 1.105, -0.923 
7055, 2.588, -1.683 
9897, 2.823, 2.382 
9231, -0.272, -1.860 
8149, -4.479, -0.436 
8148, 2.891, 2.299 
6999, 1.638, -0.462 
8638, -1.158, -0.520 
8637, -5.049, -0.314 
8636, -4.919, -0.241 
8635, -2.646, -0.634 
6997, 2.504, -1.587 
6990, 2.024, 1.369 
8144, 2.889, 2.298 
6992, 1.573, -0.680 
8146, 2.889, 2.298 
5519, -5.390, 0.758 
5518, -5.296, 0.692 
5511, -5.112, -0.251 
5510, -5.256, -0.276 
5513, -5.358, -0.280 
5512, -4.857, -0.483 
5515, -5.283, -0.531 
5514, -5.170, -0.513 
5517, -5.341, -0.363 
5516, -5.192, -0.523 
6959, 0.861, 2.391 
8703, -4.360, -0.412 
8702, 1.040, 0.690 
8701, 0.308, 1.713 
8707, 1.460, 1.841 
8706, -0.410, 1.743 
8705, -4.843, -0.549 
8704, -3.841, -0.367 
8708, 1.902, -0.438 
8035, 1.724, -0.447 
8034, 2.083, 0.104 
8037, -5.965, -0.689 
8036, -5.703, -0.629 
8030, -5.220, -0.256 
8033, -0.851, 0.721 
8039, 1.922, 1.871 
8038, 1.496, 1.463 
9485, 2.590, 2.244 
5601, -6.025, -0.710 
5600, -6.025, -0.710 
5603, -0.272, -1.861 
5602, -0.272, -1.861 
9991, 2.372, 2.473 
8520, 1.240, 1.944 
8526, -4.520, 0.464 
6518, 1.866, -0.911 
6519, 2.372, -1.538 
6516, 2.667, 0.272 
9327, 2.311, 2.117 
6251, 1.682, -1.001 
5130, -5.195, -0.428 
8457, 2.751, 1.581 
8456, 2.535, 2.394 
8455, 2.247, 2.119 
8452, 1.282, -0.833 
6413, -0.272, -1.861 
6424, 1.021, 2.484 
6425, -4.567, -1.240 
6428, 0.129, 3.389 
7548, 2.571, -1.006 
7586, -5.872, 0.647 
8862, -3.131, 0.646 
7541, 3.455, 5.642 
7543, 2.010, -0.376 
7546, -5.755, -0.894 
6568, 1.573, -0.680 
7587, -5.109, 1.106 
6169, 1.986, -1.198 
6168, 1.605, -0.669 
6161, 1.569, -0.687 
6160, 2.069, -1.217 
6163, 2.196, -1.235 
6162, 1.568, -0.687 
6165, 1.597, -0.670 
6164, 1.605, -0.669 
6167, 1.573, -0.680 
6166, 2.196, -1.235 
6765, 0.944, -0.741 
6764, 0.502, -0.688 
6762, 0.944, -0.741 
9977, 1.596, 0.298 
9976, 1.596, 0.298 
9975, 1.596, 0.298 
9974, 0.723, 0.751 
5868, 1.550, -0.999 
9971, 1.510, 2.335 
9970, 1.401, 2.327 
5864, 3.268, -1.836 
5866, 3.265, -1.835 
5861, 1.278, 1.592 
5860, 1.287, 1.687 
5863, 3.268, -1.836 
5862, -0.272, -1.861 
6565, 1.573, -0.680 
8682, 0.887, 0.841 
9852, 3.468, 2.868 
8987, -5.198, 0.691 
6698, -0.475, 0.832 
7231, 3.250, 2.214 
6693, 4.785, -2.074 
8138, 2.887, 2.297 
6691, -0.475, 0.830 
6697, 1.573, -0.680 
6696, 4.662, -2.020 
6695, 4.644, -2.012 
8687, 1.576, -0.679 
6457, 4.496, -1.951 
7583, 2.039, 5.044 
6456, 4.529, -1.965 
7838, 1.687, -0.511 
7839, 1.713, -0.428 
5767, 1.067, 1.326 
7830, -5.124, -0.275 
7833, -5.049, -0.495 
8688, 1.576, -0.679 
7836, -4.341, -0.649 
6340, 4.833, -3.559 
6343, 0.743, 2.700 
5765, 1.565, -0.683 
6345, 4.608, -3.411 
6347, 0.644, 3.134 
6346, 4.833, -3.559 
9429, 2.518, 2.994 
6186, 1.550, -0.575 
6185, 0.973, 0.982 
6184, -0.272, -1.860 
6183, 2.008, -0.208 
6182, 2.115, 0.007 
6180, 2.118, -0.078 
9421, 0.861, -0.926 
9422, 1.536, -0.662 
6189, 2.118, -0.078 
9426, 3.048, 0.512 
9353, 1.573, -0.680 
9600, 2.681, 2.216 
9350, -0.272, -1.861 
5281, 0.982, -0.892 
9608, 3.021, 1.725 
9359, -0.272, -1.861 
5282, 0.404, -0.834 
5285, -3.705, 0.661 
5284, -0.449, 0.821 
5287, -3.342, 0.741 
5286, -3.878, 0.693 
7236, 3.761, 1.838 
7237, 1.575, 0.465 
7234, 2.356, 2.942 
7235, 3.761, 1.838 
7232, 3.354, 2.598 
9194, 1.591, -0.672 
7230, 3.379, 2.406 
5048, 1.113, -0.890 
9199, -4.287, -0.419 
9198, -3.372, -0.341 
5044, 2.803, 2.202 
7948, -0.954, 0.685 
5041, 3.961, 2.096 
7239, 1.449, 0.527 
8998, -0.407, -0.927 
8999, 0.083, -0.940 
8992, -3.629, -0.346 
8993, -1.368, -1.186 
8990, -2.048, -1.203 
8991, -2.408, -0.895 
8996, -0.976, -0.894 
8997, -2.516, -0.837 
8994, -1.292, -1.169 
8995, -1.328, -1.188 
4996, 4.177, -1.817 
4997, 3.288, -1.372 
4994, -7.720, -2.080 
4995, 1.938, -0.942 
6239, 0.192, 1.697 
4993, 3.267, 1.590 
4990, -8.272, -2.596 
4991, -8.521, -2.707 
6235, 1.826, -0.176 
6234, 1.102, -0.533 
6237, 2.097, 0.204 
6236, 2.075, 0.180 
6231, 2.193, 2.565 
9518, 1.573, -0.680 
4998, 1.525, -0.690 
4999, 1.525, -0.689 
7591, -4.881, 1.311 
8982, -2.345, -0.711 
9024, 1.539, -0.682 
6517, 1.830, -0.303 
9771, 3.955, -2.694 
7003, 1.062, 2.464 
7302, -6.517, -1.053 
8867, -5.131, 1.180 
8864, -3.196, 0.664 
8865, -4.679, 0.739 
7306, 1.573, -0.680 
9288, -4.535, -0.695 
7304, 1.809, -0.246 
7305, 2.137, 2.522 
9285, -5.078, -0.685 
9284, -6.330, -0.771 
9287, -4.778, -0.719 
9286, -4.347, -0.672 
9281, -5.268, -0.827 
9280, -4.534, -0.660 
8868, -4.799, 0.672 
9282, -5.110, -0.591 
5461, -0.272, -1.861 
5460, 8.801, -8.585 
5463, -0.272, -1.861 
7046, 1.919, 0.130 
7041, 1.038, 2.212 
5464, -0.272, -1.861 
5467, 6.191, -5.292 
5466, 8.374, -7.924 
5469, 6.333, -5.492 
5468, 6.763, -6.017 
7048, 3.495, 1.426 
5267, 1.491, -0.604 
5266, 1.228, 0.815 
5265, 1.642, -0.171 
5264, 0.948, 0.982 
5263, 0.938, 0.956 
5262, 1.318, 1.398 
5261, -1.018, 0.934 
5260, 2.313, 0.169 
5268, 1.268, 0.712 
6405, 3.190, 0.480 
8609, 2.677, 2.015 
6989, 1.880, -0.010 
6988, 1.866, -0.075 
8600, -0.009, -0.522 
8606, 2.278, 2.084 
8607, 2.278, 2.098 
8604, -1.145, -0.512 
6980, 0.998, 2.277 
8739, 1.460, 1.841 
8737, 2.853, 2.500 
8734, 1.858, -0.181 
8735, 0.973, 2.093 
8988, -4.847, -0.250 
8733, 1.858, -0.181 
8730, 0.899, 0.859 
8731, 1.858, -0.181 
8040, 2.133, 2.510 
8041, 1.896, 1.922 
8042, -5.755, -0.639 
8043, 2.440, 0.013 
8044, -5.603, -0.610 
8513, 1.558, -0.669 
8046, 2.117, 2.362 
8049, 0.283, 0.840 
5670, -4.315, -0.636 
5671, -4.409, -0.646 
5672, -5.455, -0.568 
5673, -6.020, -0.712 
5674, -6.020, -0.712 
5675, -5.522, -0.856 
8280, 2.934, 1.775 
8281, 1.957, -0.435 
5678, -5.516, -0.855 
5679, -3.708, -0.553 
6240, 1.646, -0.488 
6503, 0.998, -0.733 
6501, 1.348, 1.464 
6500, 2.673, 4.690 
6505, 1.657, -0.984 
6504, 0.982, -0.737 
9254, -4.152, -0.466 
6437, -5.797, -0.902 
8190, 3.064, 2.982 
5708, -3.729, -0.495 
8197, -5.741, -0.637 
6431, 1.223, 0.695 
8195, -5.741, -0.637 
5704, -0.272, -1.861 
5705, -0.272, -1.861 
5706, -5.996, -0.885 
5707, -2.104, 0.080 
5701, -0.272, -1.861 
5702, -4.289, -0.626 
5703, -4.294, -0.625 
7559, 1.228, 0.899 
7558, 1.228, 0.899 
7557, 0.744, 2.019 
7556, -2.122, 1.570 
7554, 2.501, 1.663 
4776, -5.351, -0.265 
4775, 0.104, -0.535 
4772, 3.045, 2.635 
4773, 3.354, 2.195 
4770, -3.045, -0.315 
4771, -3.145, -0.320 
5072, -0.272, -1.861 
6753, 0.827, -0.760 
6750, 0.634, -0.685 
6751, 0.634, -0.685 
6756, 0.827, -0.760 
6757, 0.944, -0.741 
9942, 1.835, 3.019 
5819, 1.550, -0.999 
5811, 1.573, -0.680 
5812, 1.559, -0.686 
5813, 1.535, -0.690 
5815, 2.136, -1.120 
5064, -0.272, -1.861 
5217, -6.151, 0.558 
5148, 4.512, -3.205 
5924, 0.348, 2.447 
5925, -0.176, 2.835 
5926, 2.062, 0.201 
5927, 1.911, -0.150 
5922, -4.416, -0.430 
5923, -4.416, -0.430 
5297, -0.272, -1.861 
5928, 1.561, -0.659 
7828, -4.348, -0.226 
7823, 1.810, -0.804 
7822, -4.182, -0.415 
7820, -5.580, -0.300 
9006, -0.167, -0.963 
5452, -3.438, -0.332 
9368, 1.714, -0.090 
9369, 0.374, 1.633 
9005, -5.149, -0.414 
9178, -1.971, -0.981 
7071, 8.117, -7.714 
8985, -4.932, -0.324 
7220, 5.895, -4.736 
7223, 1.587, 1.194 
7954, -5.510, 0.927 
8981, 0.650, -0.728 
7224, -4.479, -0.436 
7227, 3.246, 2.292 
7950, -4.760, -0.309 
7229, -0.256, 1.916 
5073, 3.593, -0.017 
5070, -0.272, -1.861 
9167, 0.324, -0.962 
5076, -0.272, -1.861 
5077, -0.272, -1.861 
7959, -1.082, 0.673 
9163, 1.961, 2.145 
7969, 3.076, -0.210 
4981, -8.575, -2.731 
6249, 0.270, 1.573 
4983, -0.272, -1.861 
9563, -1.735, 2.897 
4985, 1.525, -0.689 
9565, -1.732, 2.894 
4987, -8.575, -2.731 
9567, -1.733, 2.884 
9568, -1.730, 2.883 
4988, -8.521, -2.707 
6243, 2.475, 0.229 
6245, 1.551, -0.580 
6246, 1.551, -0.580 
6247, 0.198, 1.694 
5380, 3.365, 2.535 
5381, 3.285, 2.335 
5382, 2.721, 1.625 
5383, 1.824, -0.574 
5384, 2.053, -0.285 
5385, 1.667, 0.501 
5386, 1.883, 0.309 
5387, 1.232, 0.903 
5388, 1.765, -0.717 
5389, 1.485, -0.249 
9709, 3.411, 1.647 
9702, 0.053, 3.012 
9703, 0.061, 2.990 
9706, 3.524, 1.198 
8871, 0.585, -0.812 
8870, -5.191, 1.191 
8873, 1.535, -0.683 
8872, 1.783, -0.179 
7319, 1.547, -0.673 
7318, 1.547, -0.673 
8876, 0.723, 0.215 
8879, -5.186, 1.190 
7314, 3.757, 1.546 
7317, 3.042, 1.957 
7316, 3.042, 1.957 
7310, 2.920, -1.404 
7313, 3.192, 1.749 
8163, 2.039, 5.043 
6977, 0.998, 2.277 
4878, 0.540, -0.689 
9014, -4.539, -0.225 
9015, -4.670, -0.252 
7032, 1.607, -0.666 
7033, 3.125, 3.312 
7034, 3.495, 1.426 
7035, -5.308, 0.749 
9012, -5.079, -0.331 
7037, -6.058, 0.750 
7038, -5.565, 0.791 
7039, -5.872, 0.799 
5497, 4.934, -2.145 
5490, -2.143, 0.080 
6699, 5.251, -4.182 
5492, -1.418, -0.671 
5493, -1.758, 0.097 
5252, 1.782, -0.466 
5253, 1.842, -0.512 
5251, 1.614, -0.192 
9380, 1.653, -0.125 
9383, 1.663, -0.108 
5258, -3.499, 0.302 
5259, 2.648, 0.480 
9388, 0.648, -0.911 
9389, 1.243, -0.660 
4978, -8.384, -2.646 
9576, -1.709, 2.861 
7789, 2.273, 2.053 
9579, -1.703, 2.871 
4977, -5.327, -1.446 
8242, 6.581, -5.678 
7149, 3.866, -2.635 
7145, 3.535, -1.934 
7062, 3.001, 2.548 
7140, 0.649, -0.780 
4972, -3.248, -0.894 
8721, 1.460, 1.841 
8720, 1.628, 0.701 
4973, -3.248, -0.894 
8725, 3.244, 1.313 
8727, 3.341, 1.389 
8726, 3.342, 1.389 
8052, 1.767, -0.600 
8051, 1.881, -0.575 
8050, 1.825, -0.578 
8505, 1.594, -0.672 
8506, 2.538, -1.573 
8058, 2.999, 2.775 
6536, 3.739, -0.901 
8290, 2.439, 3.075 
5661, -5.475, -0.150 
6535, 1.576, -0.679 
6532, -0.272, -1.861 
5666, -5.305, -0.811 
8297, 2.529, 1.929 
8296, 2.040, 3.053 
5669, -4.487, -0.679 
5668, -4.309, -0.657 
6538, -0.272, -1.861 
6539, -7.984, -2.469 
7498, 3.445, 2.944 
7499, -0.272, -1.861 
7492, 3.284, -1.872 
8246, 5.419, -4.311 
7490, 2.404, 3.337 
7491, 2.655, 0.538 
7496, 3.432, 2.900 
7497, 2.313, -0.560 
7494, 3.555, 3.796 
7495, 2.304, -0.546 
8615, 2.376, 2.197 
8614, 2.350, 2.230 
8617, -1.145, -0.512 
8616, -0.801, -0.467 
8611, 3.470, -0.145 
8610, 2.655, 2.054 
8613, -1.061, 1.793 
8612, 2.655, 2.054 
8619, -1.179, -0.518 
8618, -1.279, -0.529 
9097, 0.650, -0.728 
8479, 3.672, -0.107 
8478, 2.841, 2.421 
8475, 3.109, 2.407 
8474, 1.282, -0.833 
8476, 3.147, 2.473 
7566, 3.502, 1.276 
6403, 0.201, 3.408 
7564, 1.813, 0.461 
6406, 3.164, 0.463 
6407, -0.272, -1.861 
5719, -6.018, -0.712 
7561, 1.226, 0.897 
5717, -0.272, -1.861 
5716, -0.272, -1.861 
5715, -6.023, -0.713 
6409, -0.272, -1.861 
5713, -4.838, -0.660 
5712, -6.004, -0.887 
7568, 2.966, 0.424 
7569, 1.585, 1.217 
7765, 1.790, 2.292 
7766, -1.440, -0.679 
7767, -5.384, -0.279 
7762, 1.568, -0.580 
7763, 1.568, -0.580 
9308, 2.554, 1.576 
7768, 1.594, -0.217 
7769, 1.844, -0.208 
9309, 2.011, 2.276 
9655, 1.683, 0.473 
6745, 0.663, -0.691 
6744, 4.023, -1.761 
6747, 0.663, -0.691 
4767, -6.411, 0.755 
6742, -6.179, -0.809 
4769, -1.991, -0.564 
4768, -6.421, 0.754 
6749, 0.634, -0.685 
8765, -4.665, 0.739 
9307, -4.713, -0.504 
7222, 1.637, 1.049 
6439, 2.896, -1.674 
9302, -4.863, -0.592 
9955, 3.725, 0.969 
5802, 1.540, -0.690 
5800, -5.378, -0.431 
9951, 1.847, 1.545 
9950, 2.375, -1.152 
9953, 2.218, 2.314 
5098, 0.696, 2.691 
7246, 3.021, 2.615 
8649, -4.311, 0.541 
9985, 3.472, -0.063 
8647, 2.556, 2.270 
6230, 2.022, 2.378 
5930, 1.933, 0.508 
7816, -4.271, -0.181 
7817, -4.189, -0.415 
7814, -4.616, -0.428 
7815, 3.004, 0.938 
7812, -4.887, 0.920 
7813, -4.800, -0.451 
7811, -4.832, 0.711 
6233, 1.599, 1.142 
7818, 3.004, 0.938 
6232, 1.460, 0.740 
5065, -0.272, -1.861 
9378, 1.646, -0.124 
5067, -0.272, -1.861 
5061, -0.272, -1.861 
5063, -0.272, -1.861 
9371, 1.653, -0.640 
5068, -0.272, -1.861 
8963, -2.176, -0.976 
7960, -0.954, 0.685 
7961, 1.569, -0.681 
7966, 3.076, -0.210 
7967, 1.573, -0.680 
9179, -1.847, -0.945 
9789, 7.786, -7.145 
9176, -1.041, -0.614 
9174, -1.209, -1.150 
9170, -0.961, -0.917 
9573, -1.725, 2.884 
9572, -1.718, 2.880 
9571, -1.776, 3.022 
9570, -1.781, 3.053 
9577, -1.770, 2.889 
4979, -4.905, -1.394 
9575, -1.725, 2.881 
4974, -6.465, -1.860 
4975, -7.207, -1.888 
4976, -6.318, -1.803 
9578, -1.703, 2.871 
4970, 1.525, -0.689 
4971, -5.603, -1.641 
6255, -0.272, -1.861 
6254, 3.443, -0.354 
5393, 0.232, -0.454 
5392, 0.469, 0.425 
5391, 0.396, 0.436 
5390, 1.952, -0.228 
5397, 2.255, 4.297 
5396, 2.867, 4.206 
5395, 3.402, 3.490 
5394, 2.642, -0.896 
5399, -0.272, -1.860 
5398, 2.744, 4.870 
9719, 2.224, 1.543 
9711, 3.595, 1.129 
8547, 1.573, -0.680 
8884, -5.079, 1.168 
8880, -5.190, 1.191 
8881, -5.189, 1.190 
8882, -5.187, 1.190 
8883, -5.078, 1.168 
8543, 2.607, -1.933 
5584, -5.123, -0.772 
7023, 3.002, -1.790 
7022, 2.323, 0.195 
7021, 1.572, -0.670 
9004, -4.634, -0.438 
9003, -4.951, -0.323 
9002, -4.579, 1.065 
5489, -2.074, 0.058 
7024, 2.948, -1.721 
5487, -5.356, -0.533 
5486, -5.356, -0.533 
5485, -2.409, 0.484 
7028, 1.879, -0.491 
5482, -5.356, -0.533 
5481, -5.356, -0.533 
5480, -2.418, 0.485 
9007, -5.187, -0.438 
9395, 3.198, 1.213 
5248, 0.031, -0.085 
9391, 0.530, -0.875 
9390, 0.685, -0.951 
5245, -6.746, -1.252 
5244, 2.953, -1.428 
5247, -5.499, -1.637 
7598, -4.994, 1.203 
5241, -5.577, -0.989 
5240, 1.705, 0.051 
5243, 7.455, -6.812 
5242, -5.566, -0.790 
6473, 2.125, -0.801 
5711, -1.283, -0.509 
7595, -4.883, 1.338 
9001, -4.540, -0.256 
7282, 2.014, 4.981 
9000, -0.208, -0.959 
7799, -5.711, -0.617 
7280, 0.979, 3.075 
9834, 0.055, 1.670 
7935, 1.573, -0.680 
7793, 2.111, -0.403 
7792, 1.593, 2.133 
7795, 1.577, -0.673 
7286, -4.479, -0.436 
9108, 0.650, -0.728 
8492, 1.214, -0.726 
7154, -4.479, -0.436 
7153, 2.270, 1.687 
8491, 3.106, 2.403 
7151, -1.888, -0.425 
8068, 2.991, 2.765 
8069, 2.993, 2.767 
8066, 3.012, 2.211 
9102, 0.650, -0.728 
8065, 2.588, 0.587 
8063, 2.463, 0.619 
8061, 2.965, 2.349 
7485, 3.654, 3.844 
7484, -0.272, -1.861 
7487, 2.467, -0.708 
7486, 2.655, 0.538 
7481, 2.313, -0.560 
7480, 1.903, -1.014 
7483, 2.304, -0.546 
7482, 3.652, 2.238 
6529, 1.575, -0.680 
6528, -0.272, -1.861 
5654, -5.467, -0.837 
5655, -5.467, -0.837 
7489, 3.132, 4.158 
8261, 2.508, 2.994 
5650, -6.025, -0.710 
9392, 0.607, -0.892 
8661, 1.882, -0.428 
8662, -0.130, -0.372 
8663, -1.269, -0.529 
8664, 1.882, -0.428 
8665, 0.908, 0.872 
8666, 0.888, 0.844 
7458, 1.359, -0.511 
8409, 2.638, 2.208 
8400, 2.703, 1.845 
7459, 1.090, 0.708 
8403, 2.759, 2.360 
8406, 2.527, 2.486 
8407, 1.214, -0.726 
5728, -5.498, -0.166 
5729, -6.017, -0.712 
6419, 1.021, 2.482 
6418, 0.268, 1.580 
7577, -4.479, -0.436 
5722, -5.642, -0.696 
5723, -0.272, -1.861 
9816, 7.238, -6.563 
9817, 7.188, -6.500 
6411, -0.272, -1.861 
6410, 1.576, -0.679 
5724, -0.272, -1.861 
6412, -0.272, -1.861 
7777, 2.696, -1.461 
7775, 2.451, 0.274 
7773, -2.525, -0.776 
7772, -3.957, -0.388 
7771, 2.386, 0.033 
7779, 1.315, -0.924 
7778, 1.355, -0.251 
6730, 1.032, -0.646 
6731, 1.032, -0.646 
8316, 0.367, 1.424 
6342, 4.833, -3.559 
6734, 2.219, 0.234 
4794, -5.880, -0.240 
4793, -1.937, -0.814 
8084, 2.911, 2.298 
8085, 2.900, 2.301 
8086, 2.911, 2.298 
5835, -5.722, -0.905 
5832, -6.484, 0.169 
8081, 2.899, 2.301 
5830, 1.564, -0.686 
8083, 1.813, -0.566 
8088, 2.891, 2.299 
8089, 2.911, 2.298 
5839, -5.764, -0.917 
9929, 3.419, -2.203 
8218, -5.417, 0.462 
9207, -4.290, -0.420 
6082, 3.443, -0.354 
6083, 1.657, -0.984 
6080, 2.784, -0.057 
6081, 3.196, 2.618 
6187, 1.360, -0.768 
8140, 2.884, 2.294 
6648, 1.910, -0.030 
6649, 2.094, -0.247 
6645, 3.853, 1.947 
6647, 1.937, -1.225 
6640, 1.304, -0.695 
6643, 1.436, -0.661 
5902, 1.778, 1.111 
5903, 1.778, 1.111 
5904, 2.867, 1.682 
8746, -4.457, 0.645 
5908, 2.583, 3.544 
7801, 1.555, 2.055 
7803, 1.324, 0.629 
7802, 0.936, 0.602 
7804, 1.194, 1.515 
7807, 1.244, 1.618 
7806, 1.555, 2.055 
7808, 1.244, 1.618 
8741, 1.460, 1.841 
6496, 1.464, 1.007 
6398, -1.647, -0.559 
6399, -4.567, -1.240 
6252, 1.783, -0.811 
6393, -7.129, -1.460 
6390, -4.567, -1.240 
6396, -6.156, -0.744 
6397, -4.946, -1.366 
6394, -5.787, -0.328 
6395, -4.567, -1.240 
5010, 1.520, -0.695 
5289, 0.853, -0.924 
5013, 1.349, -0.794 
5014, 1.523, -0.693 
5015, 1.348, -0.795 
5016, 1.340, -0.798 
5288, 8.726, -8.487 
5018, 1.353, -0.794 
4892, -7.728, -2.363 
8134, 2.904, 2.300 
9498, 1.592, -0.191 
9148, 0.178, -0.939 
7979, 2.053, -0.040 
9490, 2.520, 1.533 
9143, 1.324, -0.685 
9492, 5.678, -4.612 
7976, -4.645, -0.601 
9494, 6.946, -6.104 
9495, 5.674, -4.607 
7973, -5.705, -0.629 
9497, 2.710, 1.997 
6265, 3.131, -1.798 
6262, 1.669, 0.377 
4969, -4.085, -1.091 
4968, -6.592, -1.930 
4967, -7.656, -2.331 
4966, -6.561, -1.917 
9544, 1.498, -0.742 
4963, 1.151, -0.894 
5283, -3.688, 0.711 
4961, -3.626, -1.003 
4960, -7.147, -2.007 
9724, 2.210, 1.526 
9725, 2.108, 1.405 
9722, 2.228, 1.548 
9720, 2.158, 0.149 
9721, 2.239, 1.564 
7094, 0.062, 1.726 
9728, 2.340, 1.697 
5128, -0.756, 2.505 
5129, -3.084, -0.060 
5124, -0.272, -1.861 
5125, -0.748, 2.191 
5126, -0.896, 2.551 
5127, -0.429, 2.065 
5120, -1.766, -0.891 
5121, -4.305, -0.596 
5122, -2.226, -0.503 
5123, 1.573, -0.680 
8137, 2.556, 3.996 
8898, -1.036, -0.604 
7373, 2.480, 3.796 
7158, 2.236, -1.229 
7377, 4.062, 0.924 
7376, 0.906, -0.749 
7375, 1.843, -0.545 
7374, 4.222, 0.795 
7233, 3.194, 2.561 
9197, -4.237, 1.916 
9196, -4.479, -0.436 
9032, -5.085, -0.326 
9033, -4.571, -0.234 
9030, -3.387, -0.257 
9031, 1.354, -0.794 
9036, -4.956, -0.533 
9037, -0.364, -0.916 
9034, -4.714, -0.259 
9035, -4.711, -0.499 
9038, 1.342, -0.797 
9039, -0.351, -0.922 
7012, 3.002, -1.790 
7013, 0.984, 2.297 
7010, 0.996, 2.281 
7011, 2.711, -1.480 
5238, -5.788, -0.764 
5239, -5.576, -0.990 
5230, -5.204, -0.407 
5043, 1.249, -0.857 
5232, -5.790, -0.633 
5233, -5.519, -0.599 
5234, -5.643, -0.745 
5235, -5.605, -0.576 
5236, -5.745, -0.608 
5237, 1.864, -0.234 
5040, -0.272, -1.861 
5344, 1.014, 2.624 
5345, 1.343, 2.778 
5346, 1.534, 2.769 
5347, 1.039, 1.941 
5340, 2.717, 3.145 
5341, 2.877, 3.065 
5342, 2.796, 2.497 
5343, 3.218, 3.012 
7160, 1.628, -0.645 
5348, 1.027, 2.566 
7167, 1.576, 0.464 
7164, 1.678, -0.656 
9884, 1.867, 0.689 
8073, 2.991, 2.765 
8072, 2.993, 2.767 
8074, 2.990, 2.763 
5649, -6.025, -0.710 
5648, -5.495, -0.183 
8279, 2.109, 1.766 
8278, 2.916, 1.801 
8277, 2.208, 0.230 
8276, 3.441, 2.758 
8274, 2.318, -0.121 
8273, 2.782, 1.619 
5647, -5.496, -0.179 
5646, -4.943, -0.758 
8673, 1.410, 0.295 
8671, 1.539, 0.644 
8670, 1.535, -0.678 
8677, 1.610, -0.667 
8676, 1.610, -0.667 
8675, 1.513, 1.652 
8674, 1.351, 1.306 
4992, -8.272, -2.596 
8678, 1.610, -0.667 
6238, 1.618, -0.528 
5735, 1.254, -0.575 
9696, 2.527, 2.781 
8419, 1.320, 1.145 
5736, 1.332, -0.568 
5731, -6.013, -0.711 
5730, -5.293, -0.807 
5733, -5.490, -0.170 
5732, -5.486, -0.168 
8411, 3.530, -1.669 
8410, 2.638, 2.208 
5739, -5.435, -0.338 
9694, -0.199, -0.948 
6468, -7.984, -2.469 
9695, 3.070, 1.609 
9808, 3.255, 1.409 
7584, 2.039, 5.043 
9806, 2.348, -0.340 
9805, -0.440, 1.473 
6463, -1.754, -0.564 
9803, 5.173, -4.068 
6465, -2.818, -0.683 
9801, 1.989, -0.616 
9800, 1.989, -0.616 
7742, -4.479, -0.436 
7741, 5.868, -4.733 
7746, 1.567, -0.573 
7747, 1.567, -0.573 
7748, 1.707, -0.131 
7749, 1.571, -0.568 
8269, 3.075, 2.079 
5658, -5.977, -0.900 
5659, -4.938, -0.757 
6723, 3.792, -0.907 
8305, 2.440, 3.078 
6720, 3.784, -0.906 
6727, 0.663, -0.691 
8302, 2.291, 2.743 
4789, -5.851, -0.226 
6724, 3.424, 4.927 
4786, -4.833, -1.327 
6480, 1.360, -0.793 
8097, -0.284, 0.698 
5823, 2.371, 0.386 
6953, -5.951, -0.583 
5824, -5.928, -0.359 
8091, -2.804, 2.899 
8090, 2.919, 2.334 
6486, 3.291, -0.625 
7488, 1.574, -0.680 
9932, -0.739, -0.990 
6957, 1.614, -0.541 
9839, 0.975, 0.973 
6093, 3.049, 0.018 
6094, 1.284, 1.029 
6654, 1.334, -0.687 
6653, 3.780, -0.905 
6652, 3.780, -0.905 
5919, 1.482, 1.390 
5913, -5.487, -0.555 
6387, -5.501, -0.235 
6386, -5.501, -0.235 
6383, -5.435, -0.338 
5088, -5.696, -0.781 
5003, 1.536, -0.689 
5002, 1.521, -0.694 
9157, 0.028, -0.920 
9156, -0.127, -0.957 
5007, -0.272, -1.861 
5005, 1.537, -0.689 
5004, 3.513, 1.535 
9159, -0.549, -0.954 
9158, 0.613, -0.974 
7908, -5.700, -0.628 
9489, 2.496, 1.490 
9488, 2.316, 1.633 
9289, -5.512, -1.350 
7902, 2.104, 2.697 
7903, -5.816, -0.835 
9487, 2.519, 1.596 
7905, 1.462, 1.774 
7906, 0.971, 0.457 
9484, 2.365, 2.159 
8860, -3.189, 0.662 
8861, -3.127, 0.644 
9559, -1.379, 2.923 
9558, -1.376, 2.914 
4958, -4.899, -0.476 
4959, -3.138, -1.109 
9853, 2.631, 2.141 
4952, -0.272, -1.861 
4953, -4.848, -0.689 
9555, 1.534, 0.562 
4957, -5.346, -1.454 
9557, -2.708, 3.007 
9556, -2.701, 3.008 
9731, 2.282, 1.621 
9732, 2.376, 1.747 
9734, 1.101, 1.381 
7346, 2.893, 2.316 
7347, 2.707, 2.416 
9283, -4.690, -0.648 
5139, 1.556, -0.686 
5138, 1.543, -0.690 
5137, 1.517, -0.697 
5136, 1.553, -0.687 
5134, -5.705, -0.633 
5133, 2.388, -0.406 
5132, -5.465, -0.270 
7348, 2.782, 2.525 
7349, 2.695, 2.243 
9855, 2.258, 0.124 
8744, -3.645, -0.255 
7300, -0.272, -1.861 
7009, 0.993, 2.285 
7008, 1.335, 0.940 
9029, 1.354, -0.794 
9028, -2.246, -0.485 
8743, 0.308, 1.713 
7000, 1.679, -0.428 
9027, -0.461, -0.778 
9026, 1.354, -0.794 
7004, 1.058, 2.508 
7007, 1.338, 0.935 
7006, 1.338, 0.935 
7301, 3.665, 2.368 
5229, -5.562, 0.720 
5228, -5.858, 0.372 
5223, -5.195, -1.276 
5222, -5.770, -0.608 
5221, -5.622, -0.581 
5220, -5.194, -0.499 
5227, -5.512, -0.587 
5226, -5.651, -0.419 
5225, -5.665, 0.319 
5224, -6.083, -0.674 
8934, -3.387, -0.257 
8935, -3.787, -0.346 
8936, 1.021, 2.210 
6466, -3.227, -0.779 
8938, 1.831, 3.045 
7171, 1.573, -0.680 
8401, 1.594, -0.673 
7307, 3.233, 1.749 
5357, -2.200, 1.039 
5356, -1.849, 0.962 
5355, -2.791, 1.054 
5354, -0.729, 1.238 
5353, -0.006, 2.079 
5352, -0.052, 1.669 
5351, 0.177, 1.429 
5350, 0.685, 1.549 
5359, -3.178, -0.026 
5358, -2.670, -0.016 
8248, 2.439, 3.075 
8249, 6.947, -6.107 
8790, -4.038, -0.377 
8243, 6.713, -5.836 
8240, 6.798, -5.935 
8241, 5.826, -4.789 
8794, 0.824, 0.269 
8247, 6.147, -5.176 
8244, 6.735, -5.863 
8245, 8.106, -7.558 
9814, -4.114, -0.400 
5462, -0.272, -1.861 
6414, -0.272, -1.861 
8646, 2.710, 2.560 
5465, -5.356, -0.533 
8644, -0.008, -0.521 
8645, 2.524, 2.212 
8642, 2.424, 2.315 
5720, -5.337, -0.552 
8640, -1.008, -0.501 
8641, 2.524, 2.212 
8427, 1.618, 3.974 
8424, 1.468, -0.454 
6416, -0.272, -1.861 
5726, 2.640, 0.015 
8429, 1.797, -0.942 
5740, -6.026, -0.710 
5741, -6.013, -0.711 
5742, -6.020, -0.710 
5743, -6.020, -0.890 
5744, -2.310, 0.362 
5745, -5.296, -0.808 
5746, -6.026, -0.710 
5747, -5.488, -0.168 
5748, -0.272, -1.861 
9813, 0.988, -0.735 
6479, 1.360, -0.793 
5585, -4.721, -0.705 
5582, -5.106, -0.766 
5583, 4.935, -2.146 
5580, -4.932, -0.757 
5581, -4.943, -0.758 
7597, 2.715, 4.221 
7596, -5.137, 0.691 
6471, 4.504, -1.954 
7594, -4.201, -0.332 
9836, 1.235, -0.848 
7592, -4.505, 0.654 
6475, 1.656, -0.984 
5589, -4.591, -0.675 
9241, -0.272, -1.861 
7759, 2.161, -1.213 
7755, 1.591, -0.218 
7754, 1.597, -0.214 
7757, 1.725, -0.447 
7751, 1.265, -0.568 
7750, 1.567, -0.579 
7753, 2.393, 0.406 
8331, 1.561, -0.658 
8337, -4.543, -0.676 
6718, 3.779, -0.905 
6719, 3.784, -0.906 
6716, 4.015, -0.929 
8338, 0.374, 1.367 
6715, 4.588, -1.987 
6712, 3.803, -0.907 
6713, 4.506, -1.953 
6710, 3.878, -0.915 
6711, 3.970, -0.924 
9907, 3.393, 3.038 
9905, 2.620, 2.121 
9902, 2.620, 2.121 
9903, 2.620, 2.121 
9900, 2.620, 2.121 
9901, 2.626, 2.134 
9908, 2.729, 2.245 
9909, 3.393, 3.038 
5692, 1.974, 2.474 
5693, 1.982, 2.052 
5690, -5.499, -0.171 
5691, -5.500, -0.170 
5696, 2.009, 2.107 
5697, -6.017, -0.889 
5694, -5.453, -0.568 
5695, 2.002, 2.402 
5698, -6.017, -0.889 
5699, -6.022, -0.711 
6665, 1.174, -0.690 
5968, -4.416, -0.430 
5969, 3.862, 1.789 
5963, 3.052, -1.433 
5964, 3.052, -1.433 
5965, -7.662, -1.356 
5966, -7.662, -1.356 
5967, -4.270, -0.418 
5433, -4.833, -1.327 
4798, -3.087, 0.513 
9120, 0.888, 0.844 
9121, 1.572, -0.680 
9122, 1.591, -0.672 
9123, 0.888, 0.844 
9124, 1.858, -0.181 
9125, 1.858, -0.181 
5038, -5.487, -0.555 
9128, -4.479, -0.436 
5035, 1.301, -0.827 
5032, 1.289, -0.836 
5033, 1.260, -0.854 
5030, 1.525, -0.690 
7918, 0.971, 0.457 
7913, 0.971, 0.457 
7910, 2.214, -1.074 
7917, 0.971, 0.457 
7916, 1.005, 0.490 
7915, 1.026, 0.510 
7914, 1.003, 0.488 
4945, -3.298, 0.693 
4944, 3.554, 2.583 
4947, 1.556, -0.686 
4943, 3.553, 2.527 
4949, 1.566, -0.682 
4948, 1.556, -0.686 
6042, 3.151, 1.627 
6043, 3.106, 1.897 
6040, 3.106, 1.897 
6041, 3.094, 1.797 
6047, -0.272, -1.861 
6044, 1.623, -0.658 
6045, -0.272, -1.861 
9407, 1.669, -0.111 
5836, 1.145, -0.894 
5837, -3.609, -0.510 
6983, 1.057, 2.507 
5834, -6.394, -0.762 
6982, 1.054, 2.496 
9582, -1.085, 2.758 
7350, 2.764, 2.513 
9580, 0.681, 0.791 
9581, -1.744, 2.885 
9238, 2.039, 5.044 
9239, -0.272, -1.861 
8080, 2.894, 2.300 
9588, 1.248, 0.595 
5101, 1.538, -0.688 
5106, 1.547, -0.689 
5107, 1.542, -0.689 
5833, -5.678, -0.620 
8082, 2.892, 2.299 
5216, -5.716, 1.091 
9059, 0.884, -0.910 
5214, -5.563, 0.720 
5215, -6.010, 0.821 
5212, 3.023, 1.892 
5213, 3.486, 2.634 
5210, 3.484, 0.627 
5211, 3.190, 1.814 
9052, -0.181, -0.955 
9054, 1.894, 2.722 
5218, -5.971, -0.514 
5219, -5.448, -0.549 
7504, -0.272, -1.861 
9886, 3.468, 2.868 
7506, -0.272, -1.861 
8926, -4.971, -0.709 
8925, -4.970, -0.709 
8924, -4.970, -0.709 
8923, -4.747, -0.507 
8922, -5.175, -0.759 
8921, -4.108, -0.361 
7500, 2.404, 3.351 
5416, -0.488, 2.678 
7639, -5.501, -0.081 
7104, -4.479, -0.436 
6487, -0.272, -1.860 
7107, 1.669, 1.648 
7108, 1.573, -0.680 
7109, 0.690, 1.069 
6866, 3.748, -0.097 
6867, 3.792, -0.907 
6861, 1.397, -0.849 
6863, 3.338, 0.869 
5362, 2.446, -0.907 
5363, 3.166, -1.172 
5360, -1.992, 0.108 
5361, 4.568, -3.392 
6248, 1.722, -0.987 
5367, 2.576, 2.514 
5364, 3.093, 0.377 
5365, 2.258, 1.979 
5368, 2.842, 2.402 
5369, 3.394, 2.811 
7868, 1.549, -0.688 
6455, 4.529, -1.965 
8254, 3.271, 1.984 
8256, 5.673, -4.605 
8251, 6.945, -6.103 
8250, 6.956, -6.115 
8285, 3.224, 2.389 
8252, 3.482, -0.144 
7636, -5.695, 0.498 
7332, 2.473, 3.783 
8789, -5.219, 1.196 
8788, -5.221, 1.196 
9235, -0.272, -1.860 
8783, 1.461, 1.839 
8782, 3.250, 1.329 
8780, 3.254, -1.006 
8787, -5.218, 1.196 
9236, -0.272, -1.860 
7198, 1.573, -0.680 
9237, -0.272, -1.861 
7618, 2.426, -1.313 
7619, 2.190, -1.252 
5153, 2.543, 4.548 
7614, 2.065, -1.217 
7615, 2.017, -1.166 
7616, 2.015, -1.165 
7617, 2.015, -1.165 
7610, 1.790, 2.291 
7611, -5.107, -0.249 
7612, 2.024, -1.230 
7613, -5.220, -0.256 
8658, -4.479, -0.436 
8431, 1.468, -0.454 
8433, 2.804, 2.393 
8432, 1.796, -0.942 
8435, 4.425, -0.043 
8434, 2.225, 2.673 
8437, 2.876, 2.036 
8436, 2.526, 2.515 
8439, 1.764, -0.900 
6914, 0.268, 1.581 
6444, 2.725, -1.622 
6445, -3.329, 2.500 
6442, 2.504, -1.561 
5756, -3.805, -0.304 
5755, 2.601, 2.471 
9829, 1.588, -0.693 
6448, 2.896, -1.674 
5591, -5.108, -0.751 
5590, -5.825, -0.689 
5593, -6.025, -0.710 
5595, -4.603, -0.674 
5599, -4.933, -0.758 
5598, 1.599, -0.582 
6339, 4.608, -3.411 
7728, -2.705, -0.618 
7721, -1.167, 1.802 
7723, 3.279, 1.080 
7724, 5.903, -4.742 
7725, 1.722, -0.115 
7726, 1.567, -0.574 
7727, -5.597, 0.771 
6474, 1.733, -0.908 
9315, 1.628, 0.013 
8514, 1.558, -0.670 
6709, 3.792, -0.907 
6708, 1.560, -0.684 
8328, 2.268, 1.645 
6701, 0.663, -0.691 
6703, 2.208, -0.676 
6702, 4.535, -1.965 
6705, -5.524, -0.528 
6704, -5.105, -0.249 
6707, 1.560, -0.684 
6706, 1.560, -0.684 
9911, 1.742, 1.967 
9910, 3.451, 2.833 
9913, 2.786, 2.235 
9912, 2.879, 2.485 
9915, 2.278, 0.135 
9919, 3.268, 1.412 
7434, 3.792, -1.443 
7435, 1.613, -0.666 
7436, 3.162, 0.232 
7437, 1.592, -0.672 
7430, 2.080, -1.116 
5688, -6.008, -0.887 
7432, 2.237, -1.447 
7433, 2.050, -0.908 
5685, -6.022, -0.711 
5684, -6.020, -0.712 
5687, -6.022, -0.711 
5686, -6.022, -0.711 
5681, -4.072, -0.609 
5680, -3.613, -0.599 
5683, -5.548, -0.857 
5682, -5.548, -0.857 
6674, 1.176, -0.689 
6677, 1.176, -0.689 
7192, 1.526, -0.759 
5298, 8.374, -7.924 
8284, 3.363, 2.690 
5979, 1.667, -0.972 
5978, 1.684, -0.943 
5973, 1.483, 1.522 
8282, 2.909, 1.775 
5970, 0.266, 2.944 
6937, 1.019, 2.374 
5676, -5.522, -0.856 
5677, -4.213, -0.639 
9310, 1.661, 0.348 
5296, -0.272, -1.861 
8690, 1.443, 1.158 
8139, 2.893, 2.300 
7926, -5.728, -0.366 
5028, 1.525, -0.690 
7924, 0.971, 0.457 
7925, 0.813, 0.299 
7294, 0.121, 2.315 
7295, 3.359, 2.743 
7296, 2.745, 1.922 
7921, 0.971, 0.457 
5021, 1.353, -0.794 
5020, 1.309, -0.826 
5023, 1.519, -0.695 
9138, 1.573, -0.680 
5025, 1.353, -0.794 
5024, 1.519, -0.695 
7928, -5.705, -0.629 
7929, 0.999, 0.484 
4930, 2.934, 2.812 
4931, -5.487, -0.555 
4932, 3.822, 2.130 
4937, -3.298, 0.693 
6296, 1.830, -0.387 
6055, -0.272, -1.861 
6054, 0.701, -0.752 
6056, 1.841, -0.766 
6053, -0.272, -1.861 
6052, 1.615, -0.664 
5115, -3.415, -0.335 
5114, 1.538, -0.688 
5117, 3.154, -0.170 
5116, -5.792, -0.653 
5111, 0.865, 1.236 
5119, -5.731, -0.638 
5118, -2.693, -0.268 
9599, 1.253, 0.958 
7708, 7.122, -6.332 
8955, -3.100, 0.596 
9595, -2.721, 2.999 
9594, 1.319, 3.379 
7709, 6.720, -5.845 
9223, -0.272, -1.861 
9593, 3.239, 2.676 
9592, 0.109, 3.099 
9226, 0.826, 0.749 
4848, 1.525, -0.689 
4849, 1.352, -0.794 
4846, 1.536, -0.689 
4847, 1.520, -0.694 
6601, 3.036, 1.067 
4842, 0.569, -0.701 
8869, -4.723, 0.713 
5201, -2.684, -0.597 
5200, -2.667, -0.530 
9049, -0.161, -0.959 
5202, -0.834, 1.078 
5205, -1.031, 0.942 
5204, 2.481, 4.492 
5207, 2.228, 0.231 
5206, 3.092, 2.736 
5209, 3.318, 1.411 
5208, 3.663, 1.264 
9041, -0.210, -0.966 
9040, 1.342, -0.797 
9047, 0.650, -0.728 
9046, -0.299, -0.954 
9045, 0.650, -0.728 
5198, -5.487, -0.555 
8912, 1.543, -0.690 
8913, 1.558, -0.685 
8910, -4.589, 0.735 
8911, -5.794, -0.718 
8916, -5.857, -0.916 
8917, -5.858, -0.917 
8914, -4.677, 0.236 
8915, -4.675, 0.233 
8918, -5.845, -0.912 
8919, -4.112, -0.360 
7111, -2.650, 0.684 
7110, -2.650, 0.684 
7117, -2.650, 0.684 
7116, 0.674, 0.761 
7114, -2.650, 0.684 
7118, 1.569, -0.672 
6870, 3.708, -0.103 
5379, 2.178, 0.322 
5378, 2.557, 0.468 
5375, 3.400, 1.035 
5374, 2.926, 0.787 
5377, 2.416, 1.184 
5376, 2.719, 2.196 
5371, 2.877, 3.065 
5370, 2.717, 3.145 
5373, 4.220, -3.085 
5372, 1.485, -0.249 
8223, 2.846, 2.230 
8224, 2.845, 2.231 
8225, 6.484, -5.532 
8227, 2.860, 2.239 
5892, -3.379, -0.284 
7320, 1.547, -0.673 
9815, -4.115, -0.400 
7609, -5.524, -0.528 
7608, -5.524, -0.528 
7607, -5.018, 0.515 
7477, 3.105, 1.917 
7604, -4.860, 1.388 
7603, -5.252, 0.504 
7602, 2.039, 5.044 
7601, -5.214, 0.969 
7600, -4.479, -0.436 
6392, -4.567, -1.240 
9850, -4.867, -0.776 
8683, 1.611, -0.667 
8680, 1.874, -0.187 
8681, 1.858, -0.181 
9854, 2.869, 2.495 
6454, 3.536, 1.558 
9856, 2.910, 1.127 
9857, 2.290, 0.145 
6459, -4.567, -1.240 
8135, 2.913, 2.298 
8136, 2.913, 2.298 
8689, 1.932, -0.070 
8131, 2.614, -0.257 
8132, 2.734, 3.249 
8133, 1.042, -0.649 
9683, 3.511, 1.800 
5568, -5.485, -0.571 
5569, -5.482, -0.571 
5564, -5.586, -0.606 
5565, -5.520, -0.592 
5566, -5.342, -0.531 
5567, 1.194, 0.830 
5560, 1.201, 0.868 
5561, -4.509, -0.620 
5562, -4.559, -0.553 
5563, -5.613, -0.588 
7739, 6.763, -5.896 
7738, 6.757, -5.889 
7733, 2.841, 0.004 
7732, 7.727, -7.057 
7731, 1.905, 2.761 
7730, 6.160, -5.190 
7737, 6.710, -5.833 
7736, 6.973, -6.152 
7735, 6.710, -5.833 
7734, 6.750, -5.881 
8358, 2.067, 0.149 
8359, 2.950, 1.164 
8351, 1.905, -1.045 
8354, -4.889, -0.694 
5709, 2.291, 3.234 
8194, 3.120, 2.303 
6458, 4.504, -1.954 
7427, 1.924, -0.983 
7426, 5.664, -4.593 
7425, 3.765, -2.244 
7424, 3.234, -1.944 
7423, 3.240, -1.878 
7422, 3.877, -2.444 
7421, 3.863, -2.421 
7420, 3.868, -2.432 
7429, 2.085, -1.189 
6600, 3.499, 1.329 
6864, 2.930, 1.495 
6603, 3.156, -1.758 
6604, 3.739, -0.902 
6605, 3.739, -0.902 
6608, 0.630, 1.499 
6438, 2.896, -1.674 
7853, 1.016, 1.897 
5946, -5.626, 1.018 
5947, -5.326, -0.658 
5945, -5.721, -0.932 
5017, 1.353, -0.794 
5785, -6.394, -0.762 
5781, -7.331, -1.404 
5019, 1.341, -0.797 
5788, -5.083, -0.312 
5789, -6.459, -0.913 
6954, -6.021, -0.489 
5448, -5.823, -0.660 
5366, 2.778, 2.035 
6118, 1.623, -0.658 
6117, 4.935, -2.146 
6113, 1.873, 0.152 
7067, 0.998, 2.277 
7931, -6.065, -0.927 
7930, -7.087, -1.243 
7281, 1.290, 2.827 
7932, -4.479, -0.436 
7287, -6.295, 0.453 
7934, 1.573, -0.680 
7394, 3.495, 1.426 
7936, -1.085, 0.689 
9106, 0.650, -0.728 
9104, 1.352, -0.794 
9105, 0.650, -0.728 
5764, 1.538, -0.688 
9103, 0.650, -0.728 
9101, 0.650, -0.728 
7975, 0.702, -0.731 
5445, 2.340, -0.286 
9491, 5.678, -4.611 
5444, 0.811, 2.794 
4923, -3.885, -1.025 
4922, -5.487, -0.555 
4921, -8.272, -2.596 
4920, -7.192, -2.143 
4926, -5.313, -0.263 
4925, -0.272, -1.861 
4924, -5.787, -0.903 
4929, 2.813, 2.861 
4928, -0.272, -1.861 
7970, -7.130, -1.198 
6028, -6.553, -1.045 
6029, -4.416, -0.430 
9496, 2.588, 1.649 
6022, 3.659, -1.436 
6027, -6.132, -1.196 
5160, -5.760, -0.884 
5163, 2.265, 1.141 
5164, 0.509, -0.753 
5165, 3.720, 1.435 
5166, 2.223, 1.882 
5167, -4.254, -1.168 
5168, -4.172, -1.117 
5169, -4.786, -1.320 
9218, 2.872, 2.220 
9212, 1.605, -0.666 
9213, 1.591, -0.672 
9210, 1.600, -0.668 
9211, 1.605, -0.666 
9216, 1.612, -0.664 
9217, 1.940, -0.153 
9214, 1.611, -0.665 
9215, 1.611, -0.664 
6334, 1.566, -0.683 
6335, 1.559, -0.685 
6336, 1.559, -0.685 
6337, 1.566, -0.684 
6330, 1.556, -0.686 
9698, 2.700, -0.262 
6333, 1.562, -0.683 
4857, -6.459, -0.859 
4855, 1.532, -0.688 
4854, 1.538, -0.689 
6338, 4.589, -3.390 
4852, 1.538, -0.687 
4851, 1.530, -0.689 
4850, 1.536, -0.689 
9076, 2.094, 0.232 
9077, -5.693, -0.818 
9074, -4.669, -0.243 
9072, -4.569, -0.222 
9073, -4.649, -0.239 
9070, -4.692, -0.240 
9071, -4.445, -0.197 
9078, -4.914, -0.696 
9079, -4.696, -0.643 
9674, 3.560, 1.261 
9675, 3.048, 1.266 
9676, 2.736, -1.091 
9677, 2.736, -1.091 
9670, 3.652, 1.275 
9671, 3.144, -1.683 
9673, 3.671, 1.231 
9678, 2.736, -1.091 
9679, 3.137, 0.271 
6964, -0.178, 1.606 
8624, -5.273, -0.784 
8909, -4.830, -0.239 
8908, -3.494, -0.330 
8905, 0.702, 1.524 
8907, -3.512, -0.334 
8906, -1.335, -0.696 
8627, 2.067, -0.662 
8152, 3.191, 2.533 
6063, 1.424, 1.378 
5665, -5.310, -0.812 
6842, 3.733, -2.350 
6843, 3.733, -2.350 
6841, 3.110, -1.701 
6846, 3.733, -2.350 
4965, -7.906, -1.589 
5308, 3.455, 1.503 
5309, 3.092, 2.667 
5300, 5.399, -4.369 
5301, 2.273, -0.827 
5302, 2.181, -1.109 
5303, 4.524, 2.304 
5304, 3.485, 0.035 
5305, 3.303, 2.840 
5306, 6.723, -5.979 
5307, 2.937, -1.520 
7955, 1.577, -0.673 
6590, 1.217, -0.893 
6591, 2.239, -1.447 
6592, 1.574, -0.680 
6593, 3.437, 1.472 
6596, 0.665, -0.883 
6597, -0.492, -0.560 
6598, -2.755, 1.982 
6599, 1.839, -0.546 
5414, -0.987, 2.062 
5415, -0.861, 1.849 
7638, -5.169, 0.638 
5417, -1.883, 1.933 
5410, -0.648, 2.272 
5411, -0.005, 2.915 
5412, 0.392, 3.125 
5413, -0.434, 2.673 
7632, -5.095, 0.921 
7633, -5.488, 0.493 
7631, -5.180, 0.770 
5418, -2.611, -0.206 
5419, -3.126, 2.306 
7953, 1.568, -0.682 
7635, -5.483, 0.494 
9169, -0.750, -1.003 
5778, -7.331, -1.404 
6930, 0.841, -0.759 
6936, 0.861, 2.391 
8698, 1.901, -0.438 
6935, 2.010, -0.028 
8695, -4.902, 0.254 
6938, 1.046, 2.403 
6939, 1.047, 2.405 
5774, -6.704, -0.772 
8692, 1.616, -0.664 
7707, 6.588, -5.687 
5579, -4.956, -0.758 
5578, -5.038, -0.707 
5577, 1.338, -0.797 
5576, 1.307, -0.843 
5575, 1.338, -0.797 
5574, -5.214, -0.746 
5573, -5.195, -0.741 
5572, -5.481, -0.571 
5571, -5.328, -0.529 
5570, -5.342, -0.531 
6143, 2.894, -1.673 
9645, 1.400, 0.338 
8343, 2.949, 1.160 
8342, 2.104, -0.395 
8341, 2.950, 1.162 
8340, 2.949, 1.160 
8346, 2.102, -0.395 
8345, 0.308, 1.713 
8344, 2.949, 1.161 
9164, -0.873, -0.989 
9641, 1.539, 0.266 
9640, 1.512, 0.304 
7412, 3.194, 0.227 
7413, 3.194, 0.227 
7410, 3.162, 0.232 
7411, 3.646, -2.286 
7416, 2.331, -1.112 
7417, 1.859, -1.027 
7414, 1.568, -0.682 
7415, 1.568, -0.682 
7418, 2.648, -1.510 
7419, 4.427, -3.129 
8956, -5.743, -0.897 
8954, -5.802, -0.718 
9812, 0.361, 1.653 
6610, 2.885, 1.061 
6617, 2.938, 0.756 
6614, 0.193, 0.889 
5951, -4.072, -0.404 
5950, -4.416, -0.430 
5953, -5.227, 1.122 
5952, -6.658, -0.987 
5955, -6.032, -1.473 
5954, -4.416, -0.430 
5957, -5.660, 1.023 
5956, -4.939, -0.482 
5959, -7.662, -1.356 
5958, -4.270, -0.418 
5793, -4.416, -0.430 
7278, 0.933, 2.981 
5799, -5.118, -0.704 
5798, -5.419, -0.399 
7279, -4.479, -0.436 
9690, -4.330, -0.599 
8958, -5.032, -0.724 
6451, 2.895, -1.674 
5084, -4.640, -0.681 
6101, -4.416, -0.430 
9161, -0.951, -0.907 
9118, 1.591, -0.672 
9111, 1.535, -0.684 
9110, 1.467, 1.829 
9113, 1.593, -0.556 
9444, 2.626, 2.401 
9115, 1.580, -0.567 
9114, 1.577, -0.566 
9117, -5.845, -0.912 
9440, 2.731, 2.588 
7946, -1.101, 0.726 
4918, -5.858, -1.138 
4919, -6.985, -1.757 
4916, -5.728, -1.341 
4917, -6.965, -1.765 
4914, -5.308, -0.262 
5750, -5.500, -0.170 
6032, 1.666, -0.966 
6031, -0.272, -1.861 
6030, -0.272, -1.861 
6034, -2.490, 2.328 
9205, -4.288, -0.420 
5172, -6.925, -1.504 
5171, -6.925, -1.504 
5170, -7.066, -1.444 
9201, -4.288, -0.420 
9200, -4.288, -0.420 
5175, 1.416, 2.313 
5174, 1.210, 2.246 
5179, 0.130, 2.238 
5178, 1.208, 2.245 
9209, -5.848, -0.411 
9208, -5.848, -0.411 
8022, 3.008, 2.248 
7388, 6.218, -5.208 
7389, 4.187, 2.923 
8023, 3.097, 2.218 
7386, 2.846, 2.009 
8020, 2.990, 2.763 
8533, 1.576, -0.628 
9983, 1.867, 0.689 
6327, 1.555, -0.687 
6325, 1.563, -0.686 
6324, 1.561, -0.684 
6323, 1.551, -0.902 
8024, 2.990, 2.763 
9681, 3.594, 1.386 
9680, 3.651, 1.349 
4860, -7.331, -1.404 
8025, 2.834, 2.494 
4866, 2.899, 1.099 
6329, 1.557, -0.686 
6328, 1.556, -0.687 
9061, -0.780, -0.461 
9060, -0.195, -0.950 
9063, -0.320, -0.642 
9065, -0.187, -0.953 
9064, -0.484, -0.622 
5349, 0.676, 1.584 
9069, -4.651, -0.236 
7443, 3.264, -1.192 
5619, -5.497, -0.166 
9663, -4.567, -0.444 
9662, 1.971, -0.723 
9661, 2.083, -0.770 
9660, 1.690, -0.609 
9669, 3.675, 1.287 
7444, 3.265, -1.189 
7254, -5.808, -0.812 
7256, 2.578, 2.913 
7257, -4.479, -0.436 
7250, 3.350, 2.723 
7251, 3.386, 2.777 
7253, 1.322, 1.427 
4893, -7.305, -1.397 
7258, 3.521, 1.269 
7259, 3.302, 1.225 
8978, 1.536, -0.683 
8979, 0.674, -0.732 
6564, 1.504, -0.712 
8970, -5.352, -0.616 
8971, -4.781, 0.706 
8972, -4.398, 0.753 
8973, -5.444, -0.636 
8974, -6.179, -1.002 
5610, -0.272, -1.861 
8976, -4.903, 1.139 
8977, 0.885, 1.298 
9542, 1.006, 1.369 
5336, 2.778, 2.035 
5617, -4.956, -0.758 
5614, -0.272, -1.861 
7014, 1.004, 2.269 
5318, -5.521, -0.592 
5313, 2.716, 4.303 
5312, 2.236, 4.271 
5311, 2.452, 3.142 
5310, 2.759, 3.571 
5317, 0.367, 3.265 
5316, 1.275, 3.267 
5315, 2.562, 3.001 
5314, 2.274, 4.170 
8807, -4.025, -0.376 
9807, 2.329, -0.335 
8802, 0.824, 0.269 
8808, -4.024, -0.376 
8809, -4.038, -0.377 
7945, -0.194, 0.088 
6580, 3.739, -0.902 
6587, 0.882, 1.018 
8207, -5.741, -0.637 
8756, -4.664, 0.739 
8205, 2.746, 1.605 
8752, -4.663, 0.739 
8201, 2.746, 1.605 
7624, -5.763, -0.641 
7621, 2.547, -1.398 
7620, 2.546, -1.396 
7623, 2.598, -1.447 
7622, 2.598, -1.447 
9442, 2.694, 2.492 
9116, 2.868, 2.379 
7629, -5.384, 0.492 
9193, -4.284, 1.674 
5406, 0.712, 3.582 
5405, 1.587, 3.582 
5404, 1.507, 3.551 
5403, 1.959, 3.664 
5402, 2.465, 4.659 
5401, 2.631, 2.645 
5400, 2.366, 4.555 
5409, 1.034, 3.271 
5408, 1.074, 3.403 
5231, -6.122, -0.709 
6929, 0.841, -0.759 
6928, 0.841, -0.759 
6925, 1.640, -0.666 
8113, 2.023, 0.223 
6927, 3.824, 1.891 
6926, 0.861, 2.391 
8117, 2.081, 0.066 
9870, 3.012, 0.967 
8115, 2.164, 0.090 
5548, 1.180, -0.832 
7712, 6.689, -5.808 
7715, 6.724, -5.850 
7714, 6.152, -5.182 
7717, 6.714, -5.838 
7716, 6.747, -5.877 
7719, -4.479, -0.436 
7718, 6.723, -5.849 
5540, -0.239, -0.714 
5541, -0.240, -0.714 
5546, 1.105, -0.847 
5547, 1.063, -0.860 
5544, 0.130, -0.833 
5545, 1.126, -0.839 
8598, -0.687, -0.469 
8599, -1.145, -0.512 
8596, -0.684, -0.474 
8597, -0.590, -0.458 
8594, -5.512, 0.749 
8595, 0.128, -0.686 
8592, 2.576, 3.039 
8593, -0.220, 0.299 
8590, 3.641, 4.175 
8591, 2.420, 2.899 
8372, 2.986, 2.308 
8371, 2.369, 2.133 
9802, 5.173, -4.068 
8378, 1.565, -0.683 
8379, 1.616, -0.269 
5890, -4.730, -0.411 
5891, -5.134, -0.489 
8576, 1.940, -0.153 
8577, 1.943, -0.152 
8570, -0.144, 1.756 
8571, 0.884, 0.851 
8572, -0.571, -0.262 
5898, 1.236, -0.312 
5899, -4.416, -0.430 
8578, 1.959, -0.147 
7409, 3.194, 0.227 
7408, 3.676, -1.357 
7943, 0.736, -0.777 
5766, 5.914, -5.002 
6620, 3.612, 1.507 
6621, 2.601, 0.398 
9894, 2.810, 2.400 
9895, 3.799, 1.293 
6038, 3.151, 1.627 
9890, 3.468, 2.868 
9891, 1.190, -0.691 
9893, 3.451, 2.833 
9898, 2.677, 2.200 
9899, 2.655, 2.182 
7563, 1.961, -0.125 
9601, 0.535, 1.814 
6995, 1.639, -0.461 
6138, -5.421, -0.356 
6139, -5.421, -0.356 
8143, 2.419, 2.362 
6132, 2.027, -1.097 
6137, -5.435, -0.338 
6135, 2.273, -0.697 
5173, -4.775, -1.288 
9478, 6.944, -6.102 
9204, -5.848, -0.412 
9477, 5.695, -4.631 
9206, -4.289, -0.420 
5177, 1.426, 2.314 
5176, 0.519, 2.671 
6006, 2.880, 2.111 
6004, -0.272, -1.861 
6005, 2.350, 0.291 
6002, 3.131, -1.787 
6003, 3.131, -1.787 
6000, -0.272, -1.861 
6001, 1.657, -0.983 
4901, 2.848, -0.260 
4903, -7.909, -2.439 
9202, -4.288, -0.420 
4904, -6.374, -0.421 
8188, -5.703, -0.629 
9270, -4.239, -0.212 
9271, -4.893, -0.533 
9272, -5.264, -0.124 
9273, -5.107, -1.256 
9274, -4.824, -0.531 
9276, -0.272, -1.861 
9277, -0.272, -1.861 
9278, -5.113, -0.582 
9279, -4.969, -0.548 
5144, 2.704, -0.230 
5142, 0.671, -0.964 
5143, 1.100, -0.885 
5141, 1.341, -0.795 
7560, 1.226, 0.897 
7221, 1.348, 2.591 
8984, -4.372, 0.727 
7438, 1.610, -0.666 
5078, -0.272, -1.861 
7439, 1.592, -0.672 
6310, 1.601, -0.670 
8986, -4.247, -0.114 
5424, -6.362, -0.788 
7225, 1.319, 2.006 
8980, 0.650, -0.728 
9098, -3.569, 2.093 
8983, -1.527, -1.213 
9094, -5.797, -0.647 
7166, 1.442, 0.533 
9096, 1.352, -0.794 
7226, 3.225, 2.358 
9090, 0.449, 0.665 
9091, -0.063, 0.816 
9092, -5.695, -0.627 
5420, -5.682, 1.276 
9652, 1.505, 0.319 
9653, 1.562, 0.373 
9650, 1.683, 0.473 
9651, 1.523, 0.341 
9656, 3.613, 1.508 
9657, 3.963, 0.331 
9654, -3.575, -0.338 
9165, -0.808, -0.961 
9304, -4.877, -0.784 
9305, -4.901, -0.785 
9306, -4.403, -0.680 
7165, 1.449, 0.527 
9300, -0.272, -1.860 
9301, 1.732, -0.169 
6443, 2.504, -1.561 
9303, -5.296, -0.626 
7247, -4.479, -0.436 
5099, -2.631, 0.498 
7244, 0.370, 2.385 
7240, 1.664, 0.832 
7015, 1.577, -0.673 
8989, -4.573, 1.074 
5092, -2.018, 0.478 
5095, -2.601, 0.497 
5097, -2.631, 0.498 
8969, -5.250, -0.067 
8968, -4.884, -0.438 
9162, -0.540, -0.937 
9788, 7.791, -7.153 
8962, -3.349, 0.706 
8961, -4.788, -0.726 
8967, -5.333, -0.610 
8966, -5.307, -0.848 
8965, -4.844, -0.456 
8964, 1.140, -0.895 
6826, 1.640, -0.666 
6829, 1.521, 2.312 
5326, -5.368, 0.536 
5327, -5.368, 0.536 
5324, -5.368, 0.536 
5325, -5.368, 0.536 
5322, -5.368, 0.536 
5323, -5.368, 0.536 
5320, -4.991, -0.271 
5328, -5.368, 0.536 
5329, -4.610, 0.624 
8815, 2.681, 2.216 
8814, 1.935, -0.109 
8813, 1.593, -0.672 
8812, 1.593, -0.672 
8811, -3.962, -0.401 
8810, -3.963, -0.400 
8170, 1.638, -0.565 
8749, -4.663, 0.739 
8171, 1.573, -0.680 
8211, -5.792, -0.642 
8210, 5.285, -4.210 
8745, 1.464, 1.820 
8212, 2.746, 1.605 
8786, -4.037, -0.377 
8217, -5.417, 0.462 
7650, -5.483, 0.494 
7651, -5.566, 0.861 
7652, -4.638, 1.975 
7653, 1.887, -0.497 
7654, -5.220, -0.256 
7655, -5.848, -0.659 
7656, -5.820, -0.651 
7658, -5.220, -0.256 
7096, 3.761, 1.551 
7097, 3.761, 1.551 
5430, 8.374, -7.924 
9561, -1.726, 2.889 
5438, 3.865, -0.002 
5439, 1.070, 2.758 
9562, -1.733, 2.884 
9564, -1.715, 2.882 
6322, 1.687, -1.001 
8105, 0.860, 0.811 
8104, -4.479, -0.436 
8107, 3.804, -0.239 
8106, 0.670, 1.233 
8101, 1.141, 1.053 
9566, -1.733, 2.884 
8108, 2.081, 0.116 
5555, -5.578, -0.583 
5554, -5.577, -0.582 
6488, 2.011, 2.930 
6489, 2.078, 0.106 
5653, -5.870, -0.681 
9569, -1.718, 2.880 
6482, -7.984, -2.469 
6483, 3.696, 0.707 
9863, 2.466, 1.848 
6481, 1.360, -0.793 
5559, -5.577, -0.582 
9864, 2.631, 2.141 
6484, -0.272, -1.860 
9866, 2.631, 2.141 
9682, 3.171, -1.379 
8589, 0.224, -0.658 
8588, 0.690, 2.251 
8580, 1.943, -0.152 
8583, -1.463, -0.560 
8582, -4.479, -0.436 
8584, -0.530, -0.452 
8587, -1.226, -0.522 
8586, 2.402, 3.390 
5757, -4.633, -0.501 
8360, 2.950, 1.164 
6440, 2.896, -1.674 
8365, 2.152, 2.239 
8364, 2.312, 2.193 
8366, 2.795, 2.693 
8565, 1.320, -0.817 
8564, 0.360, 1.613 
8563, 0.363, 0.846 
5885, 3.268, -1.836 
8560, 0.657, 1.394 
5889, -4.730, -0.411 
5888, 3.268, -1.836 
6554, 3.406, -0.877 
6555, 1.573, -0.680 
6556, 1.536, -0.692 
6557, 1.529, -0.693 
6551, 3.354, 2.196 
6552, 1.553, -0.687 
6553, 1.560, -0.684 
5645, -6.025, -0.710 
6558, 4.220, -1.836 
6559, 4.220, -1.836 
7478, 3.143, 1.955 
7470, 1.366, -0.793 
9960, 2.446, -1.251 
7473, 6.822, -5.943 
5877, 3.475, 1.411 
9962, 1.835, 3.019 
5875, 3.612, 1.507 
6638, 1.303, -0.695 
5972, 2.188, -0.550 
6630, 1.645, -0.746 
6635, 3.780, -0.905 
6634, 2.895, 0.903 
9887, 3.012, 0.967 
7505, -0.272, -1.861 
9885, 1.512, -0.717 
7507, -0.272, -1.861 
9883, 3.595, -0.020 
7501, 1.652, 3.960 
7502, 1.723, -0.573 
7503, -0.272, -1.861 
5974, 2.159, -0.020 
7509, -0.272, -1.861 
6531, -0.272, -1.861 
6127, 0.923, 1.028 
6123, 0.951, 0.987 
6122, -5.435, -0.338 
4853, 1.535, -0.688 
6017, 2.098, -0.045 
6019, 2.947, -0.083 
7315, -4.479, -0.436 
7898, 0.971, 0.457 
7897, 0.971, 0.457 
7892, 2.186, 2.861 
7890, 2.034, 0.340 
7370, 3.148, -0.929 
7025, 2.948, -1.721 
9261, -4.412, -0.421 
9260, -4.115, -0.407 
8196, -4.479, -0.436 
9269, -4.503, -0.467 
5154, 0.780, -0.758 
7875, 1.549, -0.688 
7876, 0.418, 1.591 
7877, 0.971, 0.457 
7870, 2.622, 1.170 
7871, 2.639, 2.038 
7873, 2.487, 1.842 
5660, -6.029, -0.709 
7878, 0.971, 0.457 
7879, 0.971, 0.457 
4800, -5.783, -0.695 
4803, -3.286, 0.082 
4804, -0.272, -1.861 
4805, -0.272, -1.861 
6309, 1.575, -0.680 
6304, 1.693, -1.002 
6307, 1.607, -0.668 
9082, -5.120, 0.745 
9081, -5.432, -0.282 
9080, -5.432, -0.280 
9649, 2.339, 3.182 
9648, 2.505, 2.791 
9317, 1.579, -0.608 
9644, 1.691, 0.485 
9647, 1.519, 0.338 
9646, 1.683, 0.473 
9313, -0.272, -1.860 
9312, -0.272, -1.860 
9643, 1.683, 0.473 
9642, 1.562, 0.373 
7272, 1.041, 2.968 
8957, -5.443, -0.286 
5089, 2.475, 3.770 
7271, 1.754, -0.388 
8952, -4.113, -0.225 
8953, -5.845, -0.912 
8950, -3.739, -0.386 
8951, -4.315, -0.455 
5083, 1.540, -0.683 
5082, -0.272, -1.861 
5081, 3.593, -0.017 
5080, -0.272, -1.861 
5087, -5.673, -0.821 
5086, -5.679, -0.828 
5085, -3.281, 0.688 
8959, -4.364, -1.099 
9793, 3.419, -2.203 
9792, 3.328, -2.117 
9791, -4.357, -0.665 
9790, 7.786, -7.145 
9796, 3.756, 1.546 
6830, 1.521, 2.312 
6837, 2.315, -0.120 
6836, 2.315, -0.120 
6835, 2.315, -0.120 
6834, 3.566, 2.364 
6839, 1.116, 1.247 
6838, 2.315, -0.120 
5330, -3.190, 0.017 
5333, -3.111, -0.040 
5332, -3.190, 0.017 
5335, 2.258, 1.979 
5334, -3.111, -0.040 
5337, 2.576, 2.514 
8005, -5.703, -0.629 
5339, 3.394, 2.811 
5338, 2.842, 2.402 
8822, -1.657, 3.007 
8826, -5.052, -0.336 
8827, -4.277, 0.194 
8824, 1.576, -0.679 
8825, -4.665, 0.739 
8828, -4.694, 0.037 
8829, -4.930, 0.573 
9166, -0.973, -0.917 
8778, 1.794, 0.053 
8779, 3.254, -1.006 
8771, 1.464, 1.820 
8776, 1.111, 1.125 
8777, 3.381, -1.019 
8774, 0.080, 1.349 
8775, 1.111, 1.125 
7642, -4.920, 0.960 
7640, -5.832, 0.506 
6543, -0.272, -1.861 
7030, 1.879, -0.491 
7083, 2.990, -1.765 
5429, -2.052, 1.853 
5428, 0.898, 3.300 
7086, 1.298, 2.214 
5425, 7.227, -6.501 
7088, 1.298, 2.214 
5427, 8.726, -8.487 
5426, 6.292, -5.420 
5421, -4.850, 0.766 
9016, -4.951, -0.522 
5423, -5.986, -0.492 
5422, -4.750, 0.568 
6460, -3.227, -0.779 
9017, -1.386, -0.709 
6461, -0.687, -0.437 
6462, -1.454, -0.541 
9011, -4.959, -0.530 
6495, 1.838, 2.463 
6494, 1.559, 1.475 
6497, 1.554, 0.813 
9804, 5.173, -4.068 
6491, 1.506, -0.517 
7036, -6.631, -1.307 
6493, 1.839, -0.283 
7927, -2.888, 0.571 
9013, -4.532, -0.222 
6499, 1.543, 0.910 
7581, -4.568, -0.467 
5520, -6.863, -1.149 
5521, -4.281, -1.424 
5523, -0.215, -0.620 
5524, -0.203, -0.618 
5525, -0.202, -0.617 
5526, -0.232, -0.624 
5527, -0.709, -0.702 
5528, -0.884, -0.787 
6940, 1.048, 2.397 
6947, 1.658, -0.656 
4962, -2.098, -0.742 
7920, 0.971, 0.457 
7297, -0.272, -1.861 
7469, 1.539, -0.677 
5491, -1.420, -0.665 
7298, -0.272, -1.861 
7299, 3.722, 2.762 
9384, 1.650, -0.122 
8398, -1.260, -0.640 
8399, -2.072, -0.417 
8396, 2.756, 2.356 
8390, -0.172, 0.674 
8552, 1.234, 2.318 
8553, -5.348, -0.277 
8551, 1.573, -0.680 
8008, 3.005, 2.782 
8557, 2.706, 1.585 
8004, 2.039, 2.215 
5256, 0.942, 0.959 
8000, 1.542, -0.680 
8001, -5.705, -0.629 
8002, -5.712, -0.619 
8003, 1.957, 2.198 
5638, -0.272, -1.861 
6542, 1.632, -0.665 
6541, 2.942, 1.091 
6540, 2.897, 1.021 
6975, 0.998, 2.277 
8480, 2.265, 1.641 
8481, 2.718, 1.974 
8482, 1.283, -0.833 
8483, 1.285, -0.832 
8485, 2.265, 1.641 
8486, 2.265, 1.641 
7462, 1.091, 0.652 
7461, 1.731, -0.226 
7466, 0.619, 2.166 
7464, 1.272, -0.672 
