id, x, y 
8339, 1.173, -1.031 
5989, 0.915, -1.100 
5982, 1.205, 0.576 
5983, 0.319, 3.215 
5980, 0.289, 2.986 
5986, 1.218, 0.564 
5984, 0.323, 3.216 
7517, 2.866, 4.196 
7516, 2.812, 3.352 
7515, 3.025, 2.078 
7514, 2.993, 1.876 
7513, 2.811, 3.941 
7512, 2.821, 5.417 
7511, -2.527, -0.113 
7510, -2.527, -0.113 
7519, 3.009, 3.421 
7518, 2.778, 3.676 
6357, 2.881, -2.959 
6150, 1.261, 2.394 
6151, 0.685, -0.470 
6158, 1.180, 0.694 
6159, 1.156, 1.654 
6797, 1.439, -1.479 
6795, 0.200, -1.042 
6792, 0.654, 0.381 
6793, 0.654, 0.381 
8307, 1.294, -1.194 
6791, 0.654, 0.381 
6721, -2.044, 0.247 
5854, -0.040, 0.138 
5855, 1.526, 1.958 
5856, 1.544, 1.949 
5857, 1.544, 1.949 
5850, 1.525, 2.170 
5851, 1.525, 2.170 
5852, 1.534, 1.953 
5853, 1.534, 1.953 
5858, 1.548, 1.948 
5859, 1.544, 1.949 
6726, -3.593, -0.227 
6725, -2.816, 0.251 
6358, -0.538, 0.228 
6359, 0.787, -2.166 
5488, -3.292, -0.635 
6194, -0.070, -1.154 
7889, 1.048, 0.666 
8755, -2.152, 0.089 
7881, 1.194, 0.950 
7880, 0.155, -1.244 
7883, 1.194, 0.950 
7882, 1.194, 0.950 
8204, 1.200, -0.806 
8304, 1.130, 0.617 
5821, 1.147, 0.701 
6588, 0.756, -0.627 
9528, 1.080, -0.437 
7995, 1.298, -0.747 
9258, -1.741, -0.366 
9259, -2.495, -0.456 
9524, 1.244, -0.492 
9525, 1.105, -0.820 
9526, 1.080, -0.437 
9527, 1.244, -0.492 
9252, -2.515, -0.492 
9521, 2.178, -0.813 
9250, -2.724, 0.005 
9251, -2.902, -0.062 
8200, 1.577, -0.237 
7861, 1.109, 0.629 
7860, 1.927, -0.709 
8753, -2.152, 0.089 
9434, 1.934, -0.860 
7869, 1.551, -0.474 
8092, 0.421, -1.539 
6198, 0.616, -1.814 
6199, 0.729, -0.323 
9411, 2.085, 0.724 
9412, 2.085, 0.724 
6371, 1.261, 2.393 
6372, 1.261, 2.394 
6373, 1.630, 0.796 
9340, -1.613, 0.569 
9342, -1.496, 0.430 
9638, 1.034, -0.164 
9639, 0.862, -0.174 
9635, 1.696, -0.383 
8941, -0.297, 0.291 
8940, -0.555, 0.236 
8942, -0.740, -0.259 
8945, -2.307, -0.732 
8944, -1.978, -1.074 
8947, -2.178, -0.790 
8946, -2.236, -0.799 
8948, -2.414, -0.338 
9347, 1.273, -1.028 
7261, 1.395, 1.269 
7260, 0.998, 0.754 
7263, 1.778, -0.608 
7262, 1.658, -0.414 
6204, 1.117, 0.632 
6205, 1.045, 0.772 
6206, 1.025, 0.833 
6207, 1.074, 0.705 
6200, 0.776, -0.287 
6201, 0.510, -1.087 
6203, 0.254, -0.919 
6208, 1.780, 0.611 
6209, -2.524, -0.132 
5407, 0.280, -1.735 
6808, 0.654, 0.381 
6809, 2.213, -0.830 
6806, 1.129, 0.612 
6807, 1.131, 0.610 
6804, 1.128, 0.616 
6805, 1.130, 0.612 
7148, 1.030, 0.928 
9619, 0.387, -1.607 
5182, -3.258, -0.473 
5183, 2.025, -0.034 
5181, 0.401, -1.604 
5186, 2.107, -0.299 
5187, 1.586, -0.714 
5185, 2.136, -0.430 
5188, 1.802, 0.444 
5189, 1.493, -0.914 
6485, 0.815, 2.704 
8837, -1.808, -0.227 
8830, 1.126, 0.619 
9598, 0.635, -0.303 
8975, -2.348, -1.172 
7678, 0.335, -0.521 
7679, 0.097, -0.918 
7676, 0.329, -0.928 
7677, 0.690, -0.156 
7674, -0.141, -1.128 
7672, 0.601, -0.220 
7673, 0.148, -0.576 
5458, -3.197, -0.671 
5459, 2.708, 6.311 
7078, 1.137, 1.112 
5450, 1.939, 1.022 
5451, 2.306, -0.357 
7076, 1.166, 0.113 
5453, -3.197, -0.671 
5454, 2.120, 0.194 
5455, 2.020, 0.233 
5456, 2.016, 0.212 
5457, -3.203, -0.602 
6976, 0.195, -1.375 
8162, 1.324, -0.787 
6974, 0.229, -0.893 
8160, 2.084, -1.015 
6972, 1.882, 0.938 
8165, 1.254, -1.271 
8164, 0.643, 0.921 
8169, 1.116, 0.458 
6978, 0.195, -1.375 
6979, 0.370, -1.115 
5533, -0.218, 0.470 
5532, 0.021, 0.602 
5531, -0.049, 0.555 
5530, -0.120, 0.559 
5537, 0.823, 0.688 
5536, 0.826, 0.674 
5535, 0.819, 0.681 
5534, 0.531, 0.693 
5538, 0.834, 0.679 
9659, 1.161, 0.510 
7188, 1.097, 0.631 
8764, -2.154, 0.089 
8767, -2.154, 0.089 
8766, -2.154, 0.089 
8761, -2.153, 0.089 
8760, -2.153, 0.089 
8763, -2.154, 0.089 
8762, -2.154, 0.089 
7182, -2.527, -0.113 
8769, -2.154, 0.089 
8768, -2.154, 0.089 
7187, 1.083, 1.510 
8387, -2.527, -0.113 
8385, -0.439, -0.181 
8686, 1.128, 0.469 
8019, 2.068, -1.095 
8018, 2.143, -1.088 
8545, 0.821, 1.665 
8544, 0.847, 1.699 
8015, 1.003, 0.386 
8011, 0.994, 0.373 
8010, 0.931, -0.046 
5737, -0.465, 0.666 
6571, 1.864, -0.477 
7451, -2.527, -0.113 
6578, 0.987, 2.829 
6579, 0.925, 1.307 
5100, 0.719, -1.649 
5621, -2.939, -0.847 
5620, -3.161, -0.634 
7694, -3.269, -0.580 
7695, -3.398, -0.559 
7696, -2.658, 0.173 
7691, -3.067, -0.779 
7692, -2.477, -1.109 
7693, -3.346, -0.609 
8498, 1.023, -1.430 
6417, 2.334, 3.360 
8684, 0.471, -0.108 
5995, 1.210, 0.568 
5994, 1.680, -1.769 
5997, 1.055, -0.564 
5996, 1.600, 2.111 
5991, 1.256, 0.273 
5990, 0.232, -0.822 
5993, 1.121, 0.620 
5992, 1.015, -1.247 
5999, 1.055, -0.564 
8685, 1.112, 0.035 
6534, 0.808, 2.012 
7522, 3.080, 4.269 
7523, 3.020, 3.666 
7520, 2.731, 5.573 
7521, 2.796, 3.274 
7526, 1.575, -0.166 
7527, 1.385, 0.367 
7524, -2.527, -0.113 
7525, -0.520, -1.479 
5667, -2.416, -0.350 
7528, 1.318, 0.252 
7529, 0.905, 0.974 
6533, 0.750, 2.072 
9058, 0.841, 0.661 
6530, 0.750, 2.072 
5664, -3.167, -0.566 
5079, 2.549, -1.773 
6142, 0.392, 0.283 
6141, 1.719, -1.698 
6147, 0.393, 0.283 
6145, -2.944, -0.875 
6144, 1.717, -1.691 
6148, 1.310, 1.707 
6785, 0.833, 0.330 
6784, 0.654, 0.381 
6787, 0.410, 0.480 
6786, -0.344, 0.504 
5847, 0.232, -0.823 
5845, 1.611, -2.243 
5844, -3.280, -0.454 
5841, 1.147, 0.701 
5849, 1.525, 2.170 
7713, 2.853, 3.241 
5499, -1.031, 0.142 
5721, -3.244, -0.558 
5203, 0.953, -0.781 
5542, 0.070, 0.708 
9048, 0.610, 0.485 
7493, 2.219, -2.099 
9249, -2.748, -0.811 
9537, 3.020, 3.272 
9240, -0.353, -0.345 
9765, 1.186, -0.072 
9532, 0.666, 0.408 
7852, 0.755, -0.929 
9043, 1.090, 0.629 
7850, -2.717, -0.495 
7851, 0.397, -0.830 
7857, 1.177, -1.412 
9042, 0.041, 0.054 
7859, 1.927, -0.709 
4828, -3.443, 0.101 
4829, -3.848, 0.360 
4827, -3.848, 0.360 
5494, -1.053, -0.007 
7980, 0.381, 0.313 
7982, 0.513, 0.369 
7984, 1.098, 0.623 
6362, -0.339, 1.062 
9560, -0.436, -1.600 
7040, 0.273, -1.216 
9335, -2.620, -0.967 
9337, -2.329, -0.883 
9336, -2.332, -0.880 
9339, -1.488, 0.348 
9338, -2.518, -1.009 
9629, 2.252, 0.080 
9622, 0.759, -0.158 
9624, 1.164, -1.727 
7218, 2.814, 3.349 
7219, 0.779, -0.620 
7210, 2.815, 3.340 
7211, 0.979, -1.537 
7213, 0.857, -1.219 
7214, 1.119, 0.605 
7215, -1.153, -1.904 
7216, -3.170, 0.014 
7217, -3.045, 0.063 
6217, 0.599, 0.270 
6216, -2.944, -0.875 
6215, 1.345, 0.559 
6213, 0.725, -0.580 
6212, 0.749, -0.457 
6211, 1.135, 0.578 
6210, -5.888, 1.448 
6219, 0.677, 0.334 
6811, 1.149, 0.593 
6810, 1.171, 0.537 
6813, 1.153, 0.586 
6812, 1.154, 0.584 
6814, 0.404, 0.226 
6816, 1.153, 0.584 
9757, -0.557, 0.517 
9756, -0.694, 0.477 
9751, -0.438, 0.508 
7324, -3.251, -0.452 
7325, 1.081, 0.614 
7327, 1.132, 0.586 
5199, -1.906, 0.351 
7321, 2.322, 0.567 
7323, -0.728, 0.136 
5197, 1.916, 0.087 
5196, 1.446, -0.111 
5191, 0.636, 0.527 
5190, 1.493, -0.914 
8848, -2.174, 0.086 
8849, -2.147, 0.089 
8841, -1.792, -0.638 
8842, -2.147, 0.089 
8843, -2.147, 0.089 
8844, -2.153, 0.089 
8845, -2.153, 0.089 
8846, -2.154, 0.089 
8847, -2.170, 0.088 
7661, -3.400, -0.567 
7660, -3.417, -0.544 
7663, -3.035, -0.816 
7662, -2.365, 0.659 
7665, 1.297, -0.025 
7666, 1.024, -1.323 
5449, 1.963, 0.278 
8850, -2.151, 0.089 
5443, 1.669, 0.418 
5442, -1.934, -0.156 
5441, 2.049, 0.367 
5440, 1.333, -4.122 
5447, 1.977, 0.377 
5446, 1.887, 0.255 
7061, 1.335, -0.758 
7060, 1.092, 0.542 
5893, -2.944, -0.875 
6960, 0.145, -1.041 
6963, 0.851, -0.382 
6962, 0.959, 0.168 
5896, -3.306, -0.628 
8158, 2.101, -1.040 
8159, 2.091, -1.033 
8156, 2.008, -0.866 
8157, 2.102, -1.037 
7599, 2.057, -2.050 
8620, 0.172, 0.232 
8153, -0.140, 3.559 
8150, 1.672, -0.957 
8151, -0.010, 3.156 
5508, -2.306, -1.070 
5509, -2.857, -0.580 
5505, -0.662, 0.159 
7884, 1.194, 0.950 
8712, 1.083, 0.565 
8713, -2.357, -1.157 
8717, 0.857, 0.066 
8718, -2.153, 0.089 
8719, 1.152, 0.206 
7197, 1.101, 0.612 
7195, 2.055, 1.595 
7567, -2.527, -0.113 
6400, -2.816, 0.251 
8028, 0.935, 1.577 
9986, 0.757, 1.209 
8189, -3.257, -0.459 
9984, 0.583, 0.952 
8021, 2.156, -1.181 
8026, 1.727, -1.178 
8027, 2.478, -1.103 
8536, 1.192, -0.681 
8537, 1.192, -0.677 
7441, 1.460, 0.348 
7440, 1.399, 0.357 
5618, -2.949, -0.418 
7442, 2.918, 1.370 
7445, 1.614, 0.470 
6404, 2.422, 0.424 
7447, 2.881, 2.196 
7446, 1.246, 0.502 
7449, 2.805, 2.233 
7448, 2.828, 3.724 
6567, 1.124, 0.620 
5611, -2.890, -0.462 
6561, 1.108, 0.635 
6560, 1.124, 0.620 
6563, 1.688, -1.212 
6562, 1.090, 0.661 
7686, 1.050, 0.984 
7685, -3.115, -1.190 
7684, -2.396, -0.647 
7681, -2.527, -0.113 
7680, -1.214, 0.146 
6408, 2.141, 1.441 
9155, 0.138, 0.478 
5714, -3.181, -0.564 
6467, -0.128, -2.050 
5557, -2.673, -0.335 
8180, 1.079, 0.606 
8444, 1.142, 0.975 
8441, 0.892, 0.383 
8442, 0.892, 0.383 
5710, -3.166, -0.572 
9152, 0.011, 0.490 
9256, -2.317, -0.567 
7539, -2.527, -0.113 
7538, 1.644, 0.891 
9257, -1.960, -0.192 
7535, 1.375, -0.349 
7534, 1.240, -0.471 
7537, 0.851, 0.947 
7536, 1.425, 0.078 
7531, 0.828, 0.960 
7530, 0.905, 0.970 
7533, 1.280, -0.602 
7532, 1.240, -0.471 
9520, 2.178, -0.813 
9253, -2.561, -0.169 
9522, 0.837, -0.857 
6178, 1.504, 0.113 
6176, -0.074, -1.164 
6177, 1.821, -1.496 
6172, 1.079, 0.702 
6170, 1.088, 0.682 
6171, 1.093, 0.673 
6777, -0.100, -1.096 
5872, 0.694, -0.801 
5873, 0.692, -0.815 
5870, 1.068, 0.606 
5871, 1.545, 1.949 
5876, 1.545, 1.949 
9961, -0.714, 0.479 
5874, 1.055, 0.755 
9963, 1.220, -1.625 
5879, 0.692, -0.815 
5553, -3.239, -0.628 
5278, 0.197, 0.593 
5131, 0.754, -2.783 
7590, -2.386, -1.034 
9481, 3.116, 3.952 
8866, -1.831, -0.715 
7904, 0.716, -0.696 
9486, 1.638, -0.731 
5725, -3.151, -0.579 
6680, 0.848, 0.514 
6681, 0.754, 0.474 
6683, 0.848, 0.514 
6684, 0.465, 0.316 
6685, 0.423, 0.292 
7228, 1.976, -0.591 
5074, 0.801, 1.010 
9502, 1.168, 0.750 
9503, 1.149, 0.722 
7849, -2.462, -0.452 
7848, -2.432, -0.778 
7845, -3.175, -0.956 
7844, 1.812, 1.297 
7847, -2.903, -0.009 
7846, -3.191, -0.130 
7841, 1.403, -1.180 
7840, 1.297, -0.783 
7843, 1.145, 0.393 
4838, -0.737, -0.712 
6355, 1.311, -2.001 
6353, 1.365, 0.220 
4831, 0.927, 0.743 
4830, -3.500, -0.009 
4835, -0.737, -0.712 
4834, 2.549, -1.773 
4837, 2.554, -1.772 
4836, 2.553, -1.769 
7993, 0.826, -0.831 
6197, 1.211, 0.567 
6191, 1.816, -1.485 
9438, 1.645, -1.002 
9436, 1.306, -1.162 
7999, 0.822, -0.001 
9435, 1.273, -1.171 
9432, 1.974, -0.879 
9433, 1.986, -0.676 
9430, 2.021, -1.363 
9431, 1.935, -1.167 
9616, 1.542, -0.376 
9341, -1.416, 0.495 
9614, 1.542, -0.376 
9615, 1.513, -0.880 
9344, 1.175, -1.379 
9613, 1.837, -0.271 
9346, -0.183, -0.354 
5299, 1.943, 5.638 
9348, -0.127, -0.041 
9349, -0.256, -0.120 
5294, 1.464, -1.470 
5295, 1.322, 2.383 
5292, 0.171, 1.163 
5293, 1.830, -0.626 
5290, 1.889, 5.026 
5291, 0.260, 1.593 
9664, 2.262, -3.416 
9185, -0.697, 0.491 
5058, 2.535, -0.788 
9180, 0.017, 0.494 
9181, -0.352, 0.528 
5054, 2.540, -0.793 
5055, 2.535, -0.777 
5057, -3.154, -0.583 
5051, 1.081, 0.643 
5053, -3.154, -0.583 
7209, 2.817, 3.322 
7208, -2.527, -0.113 
9230, -0.158, -0.064 
8255, 2.108, -0.821 
7203, 1.269, 0.300 
7202, 1.269, 0.394 
7206, 1.135, 0.589 
7205, -0.149, -0.806 
7204, 0.236, -1.014 
8141, 1.096, 0.622 
6220, -2.944, -0.875 
6221, 0.445, 2.939 
6226, 0.735, -1.153 
6227, 0.966, -0.632 
6225, 0.800, -1.526 
6228, 0.990, -0.237 
6229, 1.000, -1.712 
6996, 0.967, 1.800 
8142, 2.084, -1.038 
8145, 2.084, -1.041 
6991, 2.460, -0.065 
9762, 0.154, -1.848 
9761, 1.186, -0.072 
9766, 1.811, 2.607 
8147, 2.079, -1.037 
9419, 1.087, 0.580 
9768, 0.154, -1.848 
9769, 0.154, -1.848 
9297, 0.853, 0.189 
9294, 1.072, -0.944 
9295, -0.343, -0.428 
4956, -4.426, 0.828 
8859, 0.486, 0.559 
8858, -1.953, -0.717 
4954, -2.721, -0.503 
8853, -2.159, 0.090 
8852, 1.088, 0.631 
8851, -2.151, 0.089 
4955, -3.982, 0.665 
8857, 1.088, 0.631 
8856, 1.079, 0.637 
8855, 1.088, 0.631 
8854, -2.157, 0.089 
5476, -3.197, -0.671 
5474, -3.239, -0.628 
5475, -3.105, -0.486 
5472, -3.232, -0.606 
5473, -2.920, -0.464 
5470, -1.831, -0.075 
5471, -2.897, -0.495 
5478, -1.946, 0.080 
5479, -1.181, -0.550 
6415, 2.140, 1.442 
5272, -2.917, -0.879 
7052, -5.888, 1.448 
7050, 0.266, -0.796 
7051, 0.330, -1.130 
7056, 1.610, 1.659 
5279, 0.488, -1.668 
7054, 0.318, 1.421 
7055, 2.212, 1.276 
9897, 1.768, -0.947 
9231, -0.357, -0.463 
8149, -2.527, -0.113 
8148, 2.083, -1.040 
6999, 1.083, 0.412 
8638, -0.760, 0.479 
8637, -2.889, -0.173 
8636, -2.775, -0.116 
8635, -1.611, 0.325 
6997, 1.468, 1.544 
6990, 1.614, -0.463 
8144, 2.083, -1.039 
6992, 1.124, 0.620 
8146, 2.083, -1.039 
5519, -2.861, 0.386 
5518, -2.483, -1.568 
5511, -2.536, -0.869 
5510, -2.571, -0.829 
5513, -2.588, -0.948 
5512, -2.443, -0.716 
5515, -2.737, -0.789 
5514, -2.769, -0.727 
5517, -2.865, -0.470 
5516, -2.828, -0.782 
6959, 0.194, -1.367 
8703, -2.453, -0.451 
8702, 0.487, -0.376 
8701, 0.069, -0.880 
8707, 0.588, -1.176 
8706, -0.306, -0.734 
8705, -2.617, -0.377 
8704, -1.970, -0.330 
8708, 1.214, 0.387 
8035, 1.081, 0.394 
8034, 0.946, -0.107 
8037, -3.405, -0.400 
8036, -3.247, -0.483 
8030, -2.709, -1.012 
8033, -0.619, -0.269 
8039, 0.764, -1.093 
8038, 0.986, -0.909 
9485, 1.458, -0.842 
5601, -3.157, -0.573 
5600, -3.157, -0.573 
5603, -3.182, -0.563 
5602, -3.175, -0.565 
9991, 0.995, -1.247 
8520, 0.870, -1.072 
8526, -2.392, -1.003 
6518, 1.072, 1.037 
6519, 1.140, 1.507 
6516, 0.384, -2.003 
9327, 1.019, -1.121 
6251, 1.086, 0.814 
5130, -2.500, -1.031 
8457, 1.570, -0.220 
8456, 1.236, -0.962 
8455, 1.076, -0.909 
8452, 1.008, 0.651 
6413, 2.130, 1.445 
6424, 0.412, -1.490 
6425, -2.816, 0.251 
6428, 0.030, -2.070 
7548, 1.762, 0.705 
7586, -3.219, -1.052 
8862, -1.806, -0.743 
7541, 1.851, -3.647 
7543, 1.397, 0.348 
7546, -3.325, -0.475 
6568, 1.124, 0.620 
7587, -2.625, -1.098 
6169, 1.143, 1.209 
6168, 1.141, 0.604 
6161, 1.124, 0.627 
6160, 1.169, 1.358 
6163, 1.158, 1.654 
6162, 1.124, 0.628 
6165, 1.137, 0.608 
6164, 1.141, 0.604 
6167, 1.127, 0.618 
6166, 1.159, 1.653 
6765, 0.654, 0.381 
6764, 0.494, 0.423 
6762, 0.654, 0.381 
9977, 0.855, -0.022 
9976, 0.855, -0.022 
9975, 0.855, -0.022 
9974, 0.473, -0.551 
5868, 1.147, 0.701 
9971, 1.007, -1.345 
9970, 0.910, -1.425 
5864, 1.545, 1.949 
5866, 1.549, 1.947 
5861, 0.697, -1.025 
5860, 0.432, -0.380 
5863, 1.545, 1.949 
5862, 2.554, -1.773 
6565, 1.124, 0.620 
8682, 0.469, -0.118 
9852, 1.584, -0.894 
8987, -2.643, -1.287 
6698, -0.331, -0.539 
7231, 1.914, -0.951 
6693, 1.063, 3.113 
8138, 2.085, -1.038 
6691, -0.328, -0.535 
6697, 1.124, 0.620 
6696, 2.432, 2.181 
6695, 2.277, 2.176 
8687, 1.126, 0.619 
6457, 0.323, 3.200 
7583, 1.726, -2.020 
6456, 0.322, 3.257 
7838, 1.139, 0.449 
7839, 1.145, 0.393 
5767, 0.489, -0.781 
7830, -2.749, -1.370 
7833, -2.976, -0.677 
8688, 1.126, 0.619 
7836, -2.543, 0.060 
6340, 1.261, 2.394 
6343, 0.440, -1.697 
5765, 1.117, 0.619 
6345, 1.381, 2.775 
6347, 0.439, -2.133 
6346, 1.261, 2.394 
9429, 0.696, 1.230 
6186, 1.063, 0.533 
6185, 0.239, -0.098 
6184, 0.013, 1.346 
6183, 1.199, 0.062 
6182, 0.473, 0.759 
6180, 1.357, 0.173 
9421, 0.615, 0.636 
9422, 1.088, 0.582 
6189, 1.357, 0.173 
9426, 2.077, 0.169 
9353, 1.124, 0.620 
9600, 1.222, -0.662 
9350, -0.183, -0.354 
5281, 0.729, 0.677 
9608, 2.252, -0.747 
9359, -0.282, -0.122 
5282, 0.374, 0.634 
5285, -2.100, 0.478 
5284, -0.295, -0.526 
5287, -1.777, -0.001 
5286, -2.210, 0.592 
7236, 3.009, -0.473 
7237, 0.704, -0.075 
7234, 1.351, -1.396 
7235, 3.009, -0.473 
7232, 1.850, -0.962 
9194, 1.128, 0.607 
7230, 1.898, -0.917 
5048, 0.872, 0.720 
9199, -2.210, -0.784 
9198, -1.879, -0.230 
5044, 1.766, -0.961 
7948, -0.618, -0.144 
5041, 2.987, -1.165 
7239, 0.703, -0.093 
8998, -0.205, 0.399 
8999, 0.081, 0.551 
8992, -2.030, -0.396 
8993, -0.890, 0.667 
8990, -1.399, 0.470 
8991, -1.398, 0.190 
8996, -0.784, 0.564 
8997, -1.662, 0.153 
8994, -0.816, 0.600 
8995, -0.834, 0.783 
4996, 0.585, 3.078 
4997, 0.648, 1.949 
4994, -5.013, 0.203 
4995, 0.138, 1.714 
6239, 0.172, -1.200 
4993, 2.271, -0.561 
4990, -5.694, 1.482 
4991, -5.870, 1.607 
6235, 1.029, 0.212 
6234, 0.677, 0.346 
6237, 1.162, -0.087 
6236, 1.155, -0.007 
6231, 0.625, -1.382 
9518, 1.124, 0.620 
4998, 1.080, 0.643 
4999, 1.080, 0.643 
7591, -2.437, -1.044 
8982, -1.533, 0.218 
9024, 1.090, 0.629 
6517, 0.850, 0.055 
9771, 1.811, 2.607 
7003, 0.223, -1.213 
7302, -3.602, -0.153 
8867, -1.868, -0.778 
8864, -1.952, -0.718 
8865, -2.158, 0.089 
7306, 1.124, 0.620 
9288, -2.770, -0.222 
7304, 1.083, 0.220 
7305, 0.631, -1.874 
9285, -2.685, -0.465 
9284, -3.461, -0.222 
9287, -2.765, -0.392 
9286, -2.661, -0.266 
9281, -3.015, -0.048 
9280, -2.481, -0.195 
8868, -2.273, 0.079 
9282, -2.866, -1.114 
5461, 1.305, 2.311 
5460, 2.686, 6.365 
5463, 1.248, 2.263 
7046, 0.992, -0.002 
7041, 0.376, -1.174 
5464, 1.368, 2.429 
5467, 1.449, 3.904 
5466, 2.243, 6.704 
5469, 1.864, 4.836 
5468, 2.252, 5.087 
7048, 2.460, -0.065 
5267, 1.043, 0.526 
5266, 0.695, -0.255 
5265, 0.856, 0.187 
5264, 0.179, -0.362 
5263, 0.208, -0.261 
5262, 0.770, -0.766 
5261, -0.506, -0.468 
5260, 1.610, 0.113 
5268, 0.712, -0.305 
6405, 2.420, 0.423 
8609, 1.494, -0.998 
6989, 0.994, 0.067 
6988, 1.002, 0.142 
8600, 0.062, 0.486 
8606, 1.252, -0.779 
8607, 1.195, -1.100 
8604, -0.714, 0.547 
6980, 0.273, -1.216 
8739, 0.588, -1.176 
8737, 1.113, -0.748 
8734, 0.594, 0.029 
8735, 0.366, -1.459 
8988, -2.610, -1.064 
8733, 0.594, 0.029 
8730, 0.482, -0.082 
8731, 0.594, 0.029 
8040, 0.641, -1.858 
8041, 1.285, -0.633 
8042, -3.261, -0.470 
8043, 1.487, -0.014 
8044, -3.217, -0.527 
8513, 1.095, 0.606 
8046, 0.764, -1.294 
8049, 0.134, -0.249 
5670, -2.554, -0.356 
5671, -2.627, -0.374 
5672, -3.025, -0.449 
5673, -3.156, -0.575 
5674, -3.156, -0.575 
5675, -3.334, -0.533 
8280, 1.400, -0.048 
8281, 1.336, 0.391 
5678, -3.327, -0.533 
5679, -2.223, -0.063 
6240, 1.109, 0.454 
6503, 0.700, 0.399 
6501, 0.555, -0.919 
6500, -1.021, 2.868 
6505, 1.211, 0.580 
6504, 0.690, 0.391 
9254, -2.341, -0.379 
6437, -3.404, -0.419 
8190, 1.591, -1.266 
5708, -2.160, -0.061 
8197, -3.257, -0.460 
6431, 0.967, -0.382 
8195, -3.257, -0.460 
5704, -3.166, -0.572 
5705, -3.166, -0.572 
5706, -3.208, -0.542 
5707, -1.276, -0.073 
5701, -3.181, -0.564 
5702, -2.489, -0.312 
5703, -2.466, -0.316 
7559, 0.347, -0.448 
7558, 0.347, -0.447 
7557, 0.608, -1.508 
7556, -0.959, -1.009 
7554, 1.092, -0.565 
4776, -2.760, -1.040 
4775, 0.100, 0.519 
4772, 1.714, -1.391 
4773, 2.472, -1.084 
4770, -1.802, -0.020 
4771, -1.842, -0.264 
5072, -3.154, -0.583 
6753, 0.572, 0.333 
6750, 0.424, 0.265 
6751, 0.424, 0.265 
6756, 0.572, 0.333 
6757, 0.654, 0.381 
9942, 1.220, -1.625 
5819, 1.147, 0.701 
5811, 1.127, 0.618 
5812, 1.117, 0.626 
5813, 1.102, 0.635 
5815, 1.163, 1.341 
5064, -3.154, -0.583 
5217, -3.180, 0.712 
5148, 1.516, 2.926 
5924, 0.171, -1.700 
5925, 0.007, -2.060 
5926, 1.072, -0.087 
5927, 1.148, 0.246 
5922, -2.524, -0.132 
5923, -2.524, -0.132 
5297, 1.362, 2.291 
5928, 1.108, 0.565 
7828, -2.488, -0.821 
7823, 0.991, 1.014 
7822, -2.435, -0.460 
7820, -2.891, -0.940 
9006, -0.101, 0.484 
5452, -2.000, -0.205 
9368, 0.925, 0.214 
9369, 0.175, -0.774 
9005, -2.754, -0.629 
9178, -1.276, 0.233 
7071, 2.732, 5.763 
8985, -2.715, -0.705 
7220, 2.799, 3.323 
7223, 0.830, -0.561 
7954, -2.841, -1.117 
8981, 0.610, 0.485 
7224, -2.527, -0.113 
7227, 1.714, -0.757 
7950, -2.683, -0.712 
7229, -0.058, -1.391 
5073, 0.569, 0.895 
5070, -3.154, -0.583 
9167, 0.276, 0.571 
5076, -3.154, -0.583 
5077, -3.154, -0.583 
7959, -0.656, -0.126 
9163, 1.231, -1.166 
7969, 2.083, 0.344 
4981, -5.938, 1.573 
6249, 0.151, -1.033 
4983, -3.261, -0.678 
9563, -0.459, -2.003 
4985, 1.079, 0.643 
9565, -0.460, -2.002 
4987, -5.922, 1.622 
9567, -0.463, -1.987 
9568, -0.462, -1.985 
4988, -5.870, 1.607 
6243, 0.914, 1.100 
6245, 1.086, 0.553 
6246, 1.086, 0.553 
6247, 0.180, -1.192 
5380, 2.149, -1.254 
5381, 2.274, -0.962 
5382, 1.782, -0.438 
5383, 1.254, 0.488 
5384, 1.284, 0.320 
5385, 1.011, -0.195 
5386, 1.097, -0.024 
5387, 0.729, -0.506 
5388, 1.114, 0.484 
5389, 1.006, 0.219 
9709, 1.942, -0.615 
9702, 0.154, -1.848 
9703, 0.180, -1.795 
9706, 2.246, -0.184 
8871, 0.486, 0.559 
8870, -1.812, -0.669 
8873, 1.088, 0.631 
8872, 1.030, 0.202 
7319, 1.081, 0.614 
7318, 1.080, 0.615 
8876, 0.350, 0.451 
8879, -1.817, -0.677 
7314, 2.325, 0.569 
7317, 1.990, -0.577 
7316, 1.990, -0.577 
7310, 0.372, 2.390 
7313, 1.982, -0.551 
8163, 1.704, -2.035 
6977, 0.273, -1.216 
4878, 0.583, 0.370 
9014, -2.415, -0.793 
9015, -2.521, -0.904 
7032, 1.152, 0.581 
7033, 2.365, -1.737 
7034, 2.460, -0.065 
7035, -2.321, -1.651 
9012, -2.702, -1.000 
7037, -2.156, -1.504 
7038, -2.205, -1.417 
7039, -2.406, -1.404 
5497, 1.359, -4.120 
5490, -1.241, 0.044 
6699, 1.818, 4.173 
5492, -0.632, 0.139 
5493, -0.971, -0.052 
5252, 1.094, 0.355 
5253, 1.163, 0.431 
5251, 0.869, 0.249 
9380, 0.978, 0.168 
9383, 1.008, 0.152 
5258, -1.356, -0.419 
5259, 2.039, -0.123 
9388, 0.466, 0.598 
9389, 0.829, 0.456 
4978, -5.719, 1.492 
9576, -0.455, -1.947 
7789, 1.146, -0.974 
9579, -0.451, -1.966 
4977, -3.434, 0.442 
8242, 2.974, 3.702 
7149, 1.870, 2.332 
7145, 0.021, 3.042 
7062, 1.555, -1.161 
7140, 0.410, 0.480 
4972, -2.103, 0.685 
8721, 0.588, -1.176 
8720, 0.786, -0.319 
4973, -2.103, 0.685 
8725, 2.292, -0.386 
8727, 2.434, -0.437 
8726, 2.434, -0.436 
8052, 1.234, 0.509 
8051, 1.287, 0.437 
8050, 1.244, 0.469 
8505, 1.125, 0.608 
8506, 1.722, 1.422 
8058, 2.137, -1.089 
6536, 1.208, 1.337 
8290, 1.337, -1.710 
5661, -2.917, -0.896 
6535, 1.126, 0.618 
6532, 0.808, 2.012 
5666, -3.052, -0.363 
8297, 0.677, 1.458 
8296, 1.320, -2.577 
5669, -2.594, -0.315 
5668, -2.413, -0.351 
6538, 0.750, 2.086 
6539, -5.899, 1.411 
7498, 2.038, -1.456 
7499, 1.002, -1.831 
7492, 1.860, 1.624 
8246, 2.112, 4.072 
7490, -0.527, 2.033 
7491, 1.746, 0.044 
7496, 2.057, -1.409 
7497, 1.769, 0.909 
7494, 2.427, -1.845 
7495, 1.859, 0.554 
8615, 1.326, -0.934 
8614, 1.306, -0.845 
8617, -0.714, 0.547 
8616, -0.482, 0.479 
8611, 0.947, 0.876 
8610, 1.509, -1.058 
8613, -0.660, -1.422 
8612, 1.509, -1.058 
8619, -0.755, 0.536 
8618, -0.833, 0.505 
9097, 0.610, 0.485 
8479, 1.463, -1.439 
8478, 1.888, -1.077 
8475, 1.964, -1.298 
8474, 1.009, 0.650 
8476, 1.973, -1.330 
7566, 2.556, 0.323 
6403, 0.271, -2.111 
7564, 0.871, -0.070 
6406, 2.354, 0.413 
6407, 2.151, 1.433 
5719, -3.154, -0.574 
7561, 0.355, -0.441 
5717, -3.163, -0.573 
5716, -3.163, -0.573 
5715, -3.154, -0.571 
6409, 2.137, 1.445 
5713, -2.781, -0.493 
5712, -3.201, -0.543 
7568, 2.003, 0.126 
7569, 1.092, -0.646 
7765, 1.024, -1.323 
7766, -0.744, 0.066 
7767, -2.477, -1.109 
7762, 1.070, 0.522 
7763, 1.070, 0.521 
9308, 1.700, -0.512 
7768, 0.752, 0.302 
7769, 0.925, 0.210 
9309, 1.240, -0.938 
9655, 0.605, -0.167 
6745, 0.423, 0.292 
6744, 0.515, 2.623 
6747, 0.423, 0.292 
4767, -2.990, 1.124 
6742, -3.499, -0.136 
4769, -1.130, 0.268 
4768, -3.019, 1.123 
6749, 0.424, 0.265 
8765, -2.154, 0.089 
9307, -2.617, -0.899 
7222, 0.806, -0.421 
6439, 1.256, 2.382 
9302, -2.613, -0.550 
9955, 2.376, 0.550 
5802, 1.104, 0.635 
5800, -2.650, -0.756 
9951, 1.258, -0.576 
9950, 1.546, 0.846 
9953, 1.273, -1.292 
5098, 0.487, -1.734 
7246, 1.885, -1.191 
8649, -2.198, -0.884 
9985, 0.757, 1.209 
8647, 1.647, -1.064 
6230, 0.875, -1.534 
5930, 0.925, -0.113 
7816, -2.338, -0.825 
7817, -2.442, -0.464 
7814, -2.551, -0.228 
7815, 1.960, 0.027 
7812, -2.521, -1.042 
7813, -2.696, -0.581 
7811, -2.493, -0.925 
6233, 0.780, -0.749 
7818, 1.960, 0.027 
6232, 0.826, -0.345 
5065, -3.154, -0.583 
9378, 0.969, 0.164 
5067, 2.555, -1.773 
5061, -3.154, -0.583 
5063, -3.154, -0.583 
9371, 1.163, 0.579 
5068, -3.154, -0.583 
8963, -1.409, 0.221 
7960, -0.618, -0.144 
7961, 1.118, 0.616 
7966, 2.083, 0.344 
7967, 1.124, 0.620 
9179, -1.168, 0.242 
9789, 3.170, 4.752 
9176, -0.628, 0.316 
9174, -0.754, 0.521 
9170, -0.720, 0.500 
9573, -0.458, -1.985 
9572, -0.459, -1.976 
9571, -0.495, -2.158 
9570, -0.447, -2.065 
9577, -0.481, -1.968 
4979, -3.321, 0.999 
9575, -0.461, -1.980 
4974, -4.426, 0.828 
4975, -4.325, 0.400 
4976, -4.148, 0.638 
9578, -0.451, -1.966 
4970, 1.079, 0.643 
4971, -4.128, 1.073 
6255, 0.939, -2.129 
6254, 2.461, 0.171 
5393, 0.319, 0.426 
5392, 0.268, 0.130 
5391, 0.308, -0.052 
5390, 1.182, 0.234 
5397, 1.836, -1.976 
5396, 2.106, -2.003 
5395, 1.745, -1.392 
5394, 1.936, 0.700 
5399, 0.625, -2.149 
5398, 2.188, -1.757 
9719, 1.501, -0.784 
9711, 2.217, -0.069 
8547, 1.124, 0.620 
8884, -1.897, -1.045 
8880, -1.814, -0.668 
8881, -1.814, -0.670 
8882, -1.816, -0.673 
8883, -1.899, -1.047 
8543, 0.847, 1.699 
5584, -3.084, -0.442 
7023, 1.600, 1.530 
7022, 1.488, -0.038 
7021, 1.111, 0.599 
9004, -2.662, -0.184 
9003, -2.809, -0.604 
9002, -2.230, -1.263 
5489, -1.205, 0.104 
7024, 1.530, 1.494 
5487, -3.203, -0.602 
5486, -3.203, -0.602 
5485, -1.181, -0.550 
7028, 1.263, 0.414 
5482, -3.203, -0.602 
5481, -3.203, -0.602 
5480, -1.189, -0.553 
9007, -2.989, -0.264 
9395, 2.097, -0.085 
5248, 0.121, 0.281 
9391, 0.352, 0.557 
9390, 0.470, 0.668 
5245, -3.940, 0.260 
5244, 0.183, 2.332 
5247, -3.208, -1.267 
7598, -2.503, -1.092 
5241, -2.973, -0.206 
5240, 0.829, 0.079 
5243, 2.114, 5.338 
5242, -2.975, -0.227 
6473, 1.467, 0.482 
5711, -0.781, 0.463 
7595, -2.427, -1.052 
9001, -2.529, -0.691 
7282, 1.639, -2.027 
9000, -0.111, 0.466 
7799, -3.107, -0.770 
7280, 0.799, -1.940 
9834, -0.113, -0.889 
7935, 1.124, 0.620 
7793, 1.143, 0.195 
7792, 0.805, -1.433 
7795, 1.115, 0.602 
7286, -2.527, -0.113 
9108, 0.610, 0.485 
8492, 0.889, 0.598 
7154, -2.527, -0.113 
7153, 1.361, -0.781 
8491, 1.973, -1.280 
7151, -1.226, 1.038 
8068, 2.130, -1.095 
8069, 2.133, -1.094 
8066, 2.086, -0.996 
9102, 0.610, 0.485 
8065, 1.645, -0.155 
8063, 1.492, -0.229 
8061, 1.973, -0.803 
7485, 2.584, -1.771 
7484, 0.938, -1.989 
7487, 1.867, 0.313 
7486, 1.746, 0.044 
7481, 1.769, 0.909 
7480, 1.375, 0.840 
7483, 1.859, 0.554 
7482, 2.809, -1.043 
6529, 1.125, 0.618 
6528, 0.948, 2.285 
5654, -2.890, -0.462 
5655, -2.890, -0.462 
7489, 2.153, -2.016 
8261, 0.754, -1.678 
5650, -3.157, -0.573 
9392, 0.417, 0.546 
8661, 1.195, 0.390 
8662, -0.051, 0.442 
8663, -0.835, 0.502 
8664, 1.195, 0.390 
8665, 0.237, -0.006 
8666, 0.471, -0.108 
7458, 0.860, 0.434 
8409, 1.194, -0.671 
8400, 1.733, -0.618 
7459, 0.588, -0.329 
8403, 1.284, -0.695 
8406, 1.270, -0.987 
8407, 0.889, 0.598 
5728, -2.934, -0.855 
5729, -3.153, -0.575 
6419, 0.413, -1.488 
6418, 0.144, -1.040 
7577, -2.527, -0.113 
5722, -3.076, -0.721 
5723, -3.180, -0.565 
9816, 2.085, 5.370 
9817, 1.996, 5.322 
6411, 2.137, 1.444 
6410, 1.126, 0.619 
5724, -3.176, -0.565 
6412, 2.137, 1.445 
7777, 1.675, 1.073 
7775, 1.223, -0.103 
7773, -1.385, -0.043 
7772, -2.120, -0.344 
7771, 1.228, 0.023 
7779, 0.691, 0.814 
7778, 0.572, 0.360 
6730, 0.644, 0.327 
6731, 0.644, 0.327 
8316, 0.244, -0.745 
6342, 1.261, 2.394 
6734, 1.194, 0.063 
4794, -2.951, -1.030 
4793, -1.078, 0.014 
8084, 2.069, -1.029 
8085, 2.078, -1.037 
8086, 2.069, -1.029 
5835, -3.489, -0.560 
5832, -3.877, 0.798 
8081, 2.078, -1.037 
5830, 1.120, 0.624 
8083, 1.234, 0.479 
8088, 2.084, -1.041 
8089, 2.069, -1.029 
5839, -3.538, -0.545 
9929, 1.679, 2.081 
8218, -2.833, -1.135 
9207, -2.211, -0.787 
6082, 2.461, 0.171 
6083, 1.211, 0.580 
6080, 1.766, 0.195 
6081, 1.678, -1.158 
6187, 0.928, 0.612 
8140, 2.089, -1.034 
6648, 1.028, 0.186 
6649, 1.356, 0.199 
6645, 2.871, -0.861 
6647, 1.378, 0.990 
6640, 0.934, 0.556 
6643, 1.026, 0.552 
5902, 0.692, -0.334 
5903, 0.692, -0.334 
5904, 2.160, -0.768 
8746, -2.196, -0.953 
5908, 2.253, -1.582 
7801, 0.954, -1.067 
7803, 1.059, -0.325 
7802, 0.636, -0.334 
7804, 0.800, -1.014 
7807, 0.830, -1.131 
7806, 0.954, -1.067 
7808, 0.830, -1.131 
8741, 0.588, -1.176 
6496, 0.619, -0.612 
6398, -1.011, 0.394 
6399, -2.816, 0.251 
6252, 1.249, 0.429 
6393, -4.122, 0.115 
6390, -2.816, 0.251 
6396, -3.285, -0.235 
6397, -3.113, 0.349 
6394, -3.284, -0.377 
6395, -2.816, 0.251 
5010, 1.070, 0.650 
5289, 0.132, 1.141 
5013, 1.054, 0.657 
5014, 1.076, 0.646 
5015, 1.052, 0.659 
5016, 1.039, 0.664 
5288, 2.638, 6.161 
5018, 1.060, 0.653 
4892, -5.160, 1.216 
8134, 2.076, -1.035 
9498, 0.852, 0.206 
9148, 0.190, 0.550 
7979, 0.938, -0.022 
9490, 1.545, -0.688 
9143, 0.951, 0.506 
9492, 2.681, 2.796 
7976, -2.667, -0.251 
9494, 3.117, 3.932 
9495, 2.670, 2.791 
7973, -3.249, -0.482 
9497, 1.663, -1.070 
6265, 1.919, 1.492 
6262, 0.723, 0.044 
4969, -2.616, 0.638 
4968, -4.707, 0.829 
4967, -5.163, 1.582 
4966, -4.578, 0.882 
9544, 0.851, 0.644 
4963, 0.874, 0.759 
5283, -2.080, 0.470 
4961, -2.373, 0.851 
4960, -4.702, 0.660 
9724, 1.465, -0.761 
9725, 1.454, -0.603 
9722, 1.500, -0.795 
9720, 1.286, 0.110 
9721, 1.495, -0.821 
7094, 0.045, -1.154 
9728, 1.516, -1.028 
5128, -0.799, -2.360 
5129, -1.646, 0.502 
5124, -3.157, -0.591 
5125, -0.882, -1.523 
5126, -0.903, -2.068 
5127, -1.516, 0.768 
5120, -1.014, 0.172 
5121, -2.456, -0.253 
5122, -1.139, -0.057 
5123, 1.124, 0.620 
8137, 1.504, -2.437 
8898, -0.555, 0.121 
7373, -0.072, -3.437 
7158, 1.099, 1.452 
7377, 2.626, 0.086 
7376, 0.635, 0.345 
7375, 1.063, 0.467 
7374, 3.006, 0.015 
7233, 1.905, -1.053 
9197, -1.894, -1.146 
9196, -2.527, -0.113 
9032, -2.745, -1.107 
9033, -2.445, -0.850 
9030, -1.761, -0.480 
9031, 1.061, 0.651 
9036, -2.916, -0.261 
9037, -0.259, 0.518 
9034, -2.551, -0.946 
9035, -2.688, -0.737 
9038, 1.041, 0.661 
9039, -0.248, 0.524 
7012, 1.600, 1.530 
7013, 0.264, -1.242 
7010, 0.269, -1.221 
7011, 1.441, 1.200 
5238, -3.061, -0.382 
5239, -2.969, -0.205 
5230, -2.673, -0.796 
5043, 0.954, 0.705 
5232, -3.208, -0.731 
5233, -2.985, -0.744 
5234, -2.799, -0.676 
5235, -2.871, -0.648 
5236, -3.061, -0.476 
5237, 1.117, 0.220 
5040, 2.254, -3.414 
5344, 0.870, -1.658 
5345, 0.910, -1.722 
5346, 1.041, -1.646 
5347, 0.730, -1.279 
5340, 1.540, -1.476 
5341, 1.594, -1.459 
5342, 1.666, -1.334 
5343, 1.358, -1.473 
7160, 1.134, 0.576 
5348, 0.826, -1.647 
7167, 0.704, -0.075 
7164, 1.174, 0.564 
9884, 1.145, -0.334 
8073, 2.131, -1.092 
8072, 2.133, -1.097 
8074, 2.122, -1.080 
5649, -3.157, -0.573 
5648, -2.937, -0.847 
8279, 1.175, -0.867 
8278, 1.555, -0.363 
8277, 1.061, -0.282 
8276, 1.577, -1.032 
8274, 1.531, 0.047 
8273, 1.574, -0.189 
5647, -2.937, -0.847 
5646, -2.949, -0.418 
8673, 0.698, -0.075 
8671, 0.831, -0.313 
8670, 1.082, 0.627 
8677, 1.138, 0.603 
8676, 1.138, 0.603 
8675, 0.821, -1.063 
8674, 0.729, -0.811 
4992, -5.705, 1.446 
8678, 1.138, 0.603 
6238, 1.108, 0.487 
5735, 0.879, 0.341 
9696, 1.576, -1.636 
8419, 0.770, -0.540 
5736, 0.931, 0.401 
5731, -3.151, -0.578 
5730, -3.181, -0.409 
5733, -2.927, -0.860 
5732, -2.926, -0.865 
8411, -0.190, 3.658 
8410, 1.194, -0.671 
5739, -2.944, -0.875 
9694, -0.097, 0.463 
6468, -5.896, 1.423 
9695, 1.995, -0.475 
9808, 2.113, -0.008 
7584, 1.704, -2.035 
9806, 1.655, 0.518 
9805, -0.216, -0.799 
6463, -1.150, 0.370 
9803, 2.172, 3.212 
6465, -1.638, 0.232 
9801, 1.426, 0.504 
9800, 1.426, 0.504 
7742, -2.527, -0.113 
7741, 3.389, 2.438 
7746, 1.068, 0.514 
7747, 1.068, 0.514 
7748, 0.845, 0.221 
7749, 1.068, 0.508 
8269, 1.687, -0.580 
5658, -3.219, -0.547 
5659, -2.945, -0.421 
6723, 0.895, 1.271 
8305, 1.340, -1.702 
6720, 0.897, 1.273 
6727, 0.423, 0.292 
8302, 1.239, -1.562 
4789, -3.033, -0.954 
6724, 2.881, -2.957 
4786, -3.237, 0.492 
6480, 1.045, 0.633 
8097, -0.248, -0.100 
5823, 1.441, 0.045 
6953, -3.425, -0.798 
5824, -3.154, -0.200 
8091, -1.091, -1.825 
8090, 2.041, -1.013 
6486, 2.881, 1.092 
7488, 1.125, 0.619 
9932, -0.529, 0.504 
6957, 1.075, 0.490 
9839, 0.200, -0.046 
6093, 2.127, 0.543 
6094, 0.178, -0.511 
6654, 0.946, 0.572 
6653, 0.894, 1.279 
6652, 0.894, 1.279 
5919, 0.687, -0.816 
5913, -2.968, -0.927 
6387, -3.018, -0.913 
6386, -3.018, -0.913 
6383, -2.944, -0.875 
5088, -2.882, -0.668 
5003, 1.098, 0.635 
5002, 1.073, 0.648 
9157, 0.078, 0.463 
9156, -0.047, 0.468 
5007, -3.261, -0.678 
5005, 1.099, 0.635 
5004, 2.529, -0.786 
9159, -0.383, 0.546 
9158, 0.469, 0.683 
7908, -3.240, -0.483 
9489, 1.589, -0.670 
9488, 1.638, -0.731 
9289, -3.267, 0.227 
7902, 1.551, -1.306 
7903, -3.349, -0.464 
9487, 1.619, -0.720 
7905, 0.881, -0.857 
7906, 1.194, 0.950 
9484, 1.289, -0.759 
8860, -1.890, -0.616 
8861, -1.744, -0.802 
9559, -0.444, -1.592 
9558, -0.419, -1.614 
4958, -1.896, -1.070 
4959, -2.273, 0.915 
9853, 1.731, -0.895 
4952, -3.300, -0.715 
4953, -2.721, -0.503 
9555, 0.721, -0.072 
4957, -3.489, 0.601 
9557, -1.041, -1.817 
9556, -1.038, -1.815 
9731, 1.499, -0.888 
9732, 1.569, -1.095 
9734, 0.393, -0.769 
7346, 1.904, -0.998 
7347, 1.837, -1.462 
9283, -2.732, -0.298 
5139, 1.114, 0.626 
5138, 1.104, 0.631 
5137, 1.070, 0.652 
5136, 1.112, 0.627 
5134, -3.187, -0.458 
5133, 1.754, 0.704 
5132, -2.661, -1.230 
7348, 1.894, -1.306 
7349, 1.757, -1.130 
9855, 1.541, 0.149 
8744, -1.964, -0.434 
7300, 2.262, -3.416 
7009, 0.270, -1.226 
7008, 0.550, -0.566 
9029, 1.061, 0.651 
9028, -1.463, 0.212 
8743, 0.069, -0.880 
7000, 1.086, 0.364 
9027, -0.306, 0.430 
9026, 1.061, 0.651 
7004, 0.345, -1.356 
7007, 0.554, -0.556 
7006, 0.554, -0.556 
7301, 2.213, -0.830 
5229, -2.209, -1.212 
5228, -2.284, -1.455 
5223, -2.868, 0.152 
5222, -2.988, -1.036 
5221, -2.889, -0.618 
5220, -2.944, -0.688 
5227, -2.878, -0.911 
5226, -2.925, -0.667 
5225, -2.407, -1.347 
5224, -3.341, -0.305 
8934, -1.761, -0.480 
8935, -2.145, -0.514 
8936, 0.315, -1.161 
6466, -2.043, 0.247 
8938, 1.285, -1.699 
7171, 1.124, 0.620 
8401, 1.130, 0.612 
7307, 2.203, -0.283 
5357, -1.001, -0.707 
5356, -0.871, -0.748 
5355, -1.054, -0.521 
5354, -0.374, -0.566 
5353, -0.091, -1.597 
5352, -0.102, -1.007 
5351, 0.184, -0.670 
5350, 0.405, -0.973 
5359, -1.609, -0.247 
5358, -1.416, -0.019 
8248, 1.337, -1.710 
8249, 3.124, 3.970 
8790, -1.793, -0.217 
8243, 2.853, 3.900 
8240, 3.035, 3.977 
8241, 2.628, 2.992 
8794, 0.398, 0.079 
8247, 2.852, 3.225 
8244, 2.874, 3.937 
8245, 3.243, 5.147 
9814, -2.144, -0.386 
5462, 1.329, 2.346 
6414, 2.136, 1.445 
8646, 1.690, -1.316 
5465, -3.203, -0.602 
8644, 0.056, 0.473 
8645, 1.645, -1.002 
8642, 0.990, -1.093 
5720, -3.019, -0.507 
8640, -0.633, 0.464 
8641, 1.645, -1.002 
8427, 1.033, -2.185 
8424, 0.892, 0.383 
6416, 2.137, 1.445 
5726, 1.745, 0.245 
8429, 1.137, 1.009 
5740, -3.157, -0.573 
5741, -3.151, -0.578 
5742, -3.157, -0.577 
5743, -3.192, -0.546 
5744, -1.217, -0.273 
5745, -3.193, -0.390 
5746, -3.157, -0.573 
5747, -2.925, -0.863 
5748, -3.161, -0.578 
9813, 0.649, 0.221 
6479, 1.046, 0.633 
5585, -2.859, -0.310 
5582, -3.031, -0.460 
5583, 1.333, -4.122 
5580, -2.951, -0.412 
5581, -2.949, -0.418 
7597, 2.290, -2.070 
7596, -2.715, -0.974 
6471, 0.319, 3.215 
7594, -1.863, -0.855 
9836, 0.966, 0.659 
7592, -2.438, -0.617 
6475, 1.210, 0.580 
5589, -2.709, -0.345 
9241, -0.304, -0.131 
7759, 0.772, 1.433 
7755, 0.750, 0.306 
7754, 0.747, 0.296 
7757, 1.036, 0.855 
7751, 0.814, 0.422 
7750, 1.070, 0.521 
7753, 1.231, -0.226 
8331, 1.080, 0.606 
8337, -2.400, -0.513 
6718, 0.941, 1.266 
6719, 0.897, 1.273 
6716, 0.686, 1.052 
8338, 0.225, -0.688 
6715, 1.101, 1.987 
6712, 0.975, 1.246 
6713, 0.973, 2.516 
6710, 0.795, 1.198 
6711, 0.772, 1.083 
9907, 1.454, -0.913 
9905, 1.730, -0.887 
9902, 1.730, -0.887 
9903, 1.730, -0.887 
9900, 1.730, -0.887 
9901, 1.739, -0.909 
9908, 1.798, -0.983 
9909, 1.454, -0.913 
5692, 0.727, -1.569 
5693, 0.773, -1.183 
5690, -2.935, -0.851 
5691, -2.933, -0.852 
5696, 0.710, -1.184 
5697, -3.192, -0.549 
5694, -3.020, -0.454 
5695, 0.843, -1.473 
5698, -3.192, -0.549 
5699, -3.156, -0.575 
6665, 0.810, 0.503 
5968, -2.524, -0.132 
5969, 2.635, -0.918 
5963, 0.668, 2.166 
5964, 0.668, 2.166 
5965, -4.365, -0.131 
5966, -4.365, -0.130 
5967, -2.430, -0.170 
5433, -3.237, 0.492 
4798, -1.626, -0.484 
9120, 0.471, -0.108 
9121, 1.122, 0.614 
9122, 1.128, 0.607 
9123, 0.471, -0.108 
9124, 0.594, 0.029 
9125, 0.594, 0.029 
5038, -2.968, -0.927 
9128, -2.527, -0.113 
5035, 1.009, 0.674 
5032, 1.001, 0.680 
5033, 0.971, 0.697 
5030, 1.080, 0.643 
7918, 1.194, 0.950 
7913, 1.194, 0.950 
7910, 1.200, 1.386 
7917, 1.194, 0.950 
7916, 1.114, 0.972 
7915, 1.107, 0.899 
7914, 1.130, 0.963 
4945, -1.915, -0.925 
4944, 2.384, -1.376 
4947, 1.114, 0.626 
4943, 2.439, -1.460 
4949, 1.121, 0.622 
4948, 1.114, 0.626 
6042, 2.313, -0.610 
6043, 2.428, -1.014 
6040, 2.428, -1.014 
6041, 2.329, -0.765 
6047, 1.536, 2.169 
6044, 1.136, 0.579 
6045, 1.536, 2.169 
9407, 1.000, 0.143 
5836, 0.888, 0.741 
5837, -2.131, -0.125 
6983, 0.251, -1.390 
5834, -3.423, -0.159 
6982, 0.257, -1.365 
9582, -0.231, -1.717 
7350, 1.831, -1.274 
9580, 0.482, -0.591 
9581, -0.469, -1.986 
9238, 1.704, -2.035 
9239, -0.353, -0.345 
8080, 2.082, -1.039 
9588, 0.639, -0.218 
5101, 1.094, 0.636 
5106, 1.107, 0.630 
5107, 1.103, 0.632 
5833, -3.283, -0.626 
8082, 2.082, -1.040 
5216, -2.198, -1.426 
9059, 0.696, 0.637 
5214, -2.183, -1.134 
5215, -2.729, 0.658 
5212, 2.331, -0.342 
5213, 2.466, -0.739 
5210, 1.996, 0.448 
5211, 2.164, -0.305 
9052, -0.078, 0.450 
9054, 0.336, -2.003 
5218, -3.204, -0.744 
5219, -2.933, -0.575 
7504, 1.082, -1.893 
9886, 1.584, -0.894 
7506, 0.967, -2.003 
8926, -2.674, -0.400 
8925, -2.673, -0.401 
8924, -2.673, -0.401 
8923, -2.741, -0.906 
8922, -2.882, -0.355 
8921, -2.386, -0.560 
7500, -0.520, 2.059 
5416, -0.161, -1.355 
7639, -2.891, -0.160 
7104, -2.527, -0.113 
6487, 0.490, 2.250 
7107, 0.786, -1.037 
7108, 1.124, 0.620 
7109, -0.012, -0.537 
6866, 2.722, 0.446 
6867, 0.895, 1.271 
6861, 1.025, 0.722 
6863, 2.121, -0.098 
5362, 1.990, 1.115 
5363, 2.524, 0.955 
5360, -1.113, 0.032 
5361, 1.849, 3.121 
6248, 1.004, 1.008 
5367, 1.322, -1.102 
5364, 2.279, 0.148 
5365, 1.193, -0.937 
5368, 1.645, -1.009 
5369, 1.835, -1.419 
7868, 1.109, 0.629 
6455, 0.322, 3.257 
8254, 2.112, -0.830 
8256, 2.686, 2.794 
8251, 3.116, 3.939 
8250, 3.120, 3.941 
8285, 1.647, -0.738 
8252, 1.624, -0.074 
7636, -3.215, -0.368 
7332, -0.066, -3.415 
8789, -1.785, -0.626 
8788, -1.783, -0.623 
9235, -0.357, -0.463 
8783, 0.590, -1.175 
8782, 2.287, -0.397 
8780, 2.458, 0.546 
8787, -1.786, -0.628 
9236, -0.353, -0.456 
7198, 1.124, 0.620 
9237, -0.345, -0.428 
7618, 0.876, 1.824 
7619, 1.021, 1.377 
5153, 0.109, 2.504 
7614, 1.291, 1.164 
7615, 1.319, 1.140 
7616, 1.321, 1.120 
7617, 1.321, 1.120 
7610, 1.024, -1.324 
7611, -2.625, -0.877 
7612, 1.322, 1.082 
7613, -2.709, -1.012 
8658, -2.527, -0.113 
8431, 0.892, 0.383 
8433, 1.628, -0.925 
8432, 1.137, 1.008 
8435, 2.191, -3.148 
8434, 1.309, -1.234 
8437, 1.933, -1.054 
8436, 0.970, -1.489 
8439, 1.148, 0.987 
6914, 0.145, -1.041 
6444, 1.232, 2.136 
6445, -1.433, -1.587 
6442, 1.150, 1.681 
5756, -1.964, -0.554 
5755, 1.571, -1.477 
9829, 1.138, 0.640 
6448, 1.256, 2.382 
5591, -2.989, -0.437 
5590, -3.146, -0.716 
5593, -3.157, -0.573 
5595, -2.739, -0.342 
5599, -2.951, -0.414 
5598, 1.053, 0.465 
6339, 1.381, 2.775 
7728, -1.586, -0.007 
7721, -0.498, -1.578 
7723, 1.925, -0.238 
7724, 2.809, 3.351 
7725, 0.894, 0.149 
7726, 1.068, 0.515 
7727, -2.140, -1.183 
6474, 1.233, 0.533 
9315, 0.825, 0.171 
8514, 1.096, 0.607 
6709, 0.895, 1.271 
6708, 1.117, 0.624 
8328, 1.798, -0.433 
6701, 0.423, 0.292 
6703, 1.370, 0.407 
6702, 0.967, 2.759 
6705, -2.974, -0.912 
6704, -2.622, -0.874 
6707, 1.117, 0.624 
6706, 1.117, 0.624 
9911, 1.213, -1.155 
9910, 1.586, -0.870 
9913, 1.795, -1.003 
9912, 1.687, -1.106 
9915, 1.551, 0.149 
9919, 1.649, -0.215 
7434, 2.839, 1.499 
7435, 1.143, 0.599 
7436, 1.299, 0.422 
7437, 1.129, 0.607 
7430, 1.366, 0.763 
5688, -3.201, -0.545 
7432, 1.486, 1.069 
7433, 1.381, 0.642 
5685, -3.156, -0.575 
5684, -3.156, -0.575 
5687, -3.156, -0.575 
5686, -3.156, -0.575 
5681, -2.494, -0.237 
5680, -2.126, -0.080 
5683, -3.334, -0.541 
5682, -3.334, -0.541 
6674, 0.812, 0.504 
6677, 0.812, 0.504 
7192, 1.165, 0.696 
5298, 2.235, 6.706 
8284, 1.472, -0.950 
5979, 1.205, 0.576 
5978, 1.215, 0.564 
5973, 0.720, -0.909 
8282, 1.489, -0.316 
5970, 0.155, -1.613 
6937, 0.303, -1.310 
5676, -3.334, -0.533 
5677, -2.609, -0.145 
9310, 0.796, -0.036 
5296, 1.221, 2.425 
8690, 0.831, -0.639 
8139, 2.083, -1.041 
7926, -3.025, -0.748 
5028, 1.081, 0.643 
7924, 1.194, 0.950 
7925, 0.581, 0.317 
7294, 0.364, -1.657 
7295, 2.070, -1.775 
7296, 1.813, -0.547 
7921, 1.194, 0.950 
5021, 1.060, 0.653 
5020, 1.017, 0.679 
5023, 1.070, 0.650 
9138, 1.124, 0.620 
5025, 1.060, 0.653 
5024, 1.070, 0.650 
7928, -3.249, -0.482 
7929, 1.158, 0.903 
4930, 1.467, -1.491 
4931, -2.968, -0.927 
4932, 2.574, -0.879 
4937, -1.915, -0.925 
6296, 1.278, 0.368 
6055, 1.536, 2.169 
6054, 0.606, 0.491 
6056, 1.216, 0.902 
6053, 1.536, 2.169 
6052, 1.138, 0.591 
5115, -2.051, -0.382 
5114, 1.098, 0.633 
5117, 1.162, -0.323 
5116, -3.215, -0.400 
5111, 0.393, -1.168 
5119, -3.267, -0.480 
5118, -1.558, -0.047 
9599, 0.552, -0.498 
7708, 3.060, 4.274 
8955, -1.440, -0.384 
9595, -1.040, -1.731 
9594, -0.122, 1.555 
7709, 2.867, 3.923 
9223, -0.224, -0.068 
9593, 1.889, -1.167 
9592, 0.206, -1.842 
9226, 0.332, -0.225 
4848, 1.079, 0.643 
4849, 1.058, 0.654 
4846, 1.099, 0.634 
4847, 1.071, 0.649 
6601, 2.191, -0.383 
4842, 0.608, 0.384 
8869, -2.196, 0.082 
5201, -1.712, 0.410 
5200, -1.418, 0.280 
9049, -0.061, 0.446 
5202, -0.360, -0.529 
5205, -0.542, -0.505 
5204, 1.799, -2.704 
5207, 1.192, 0.084 
5206, 1.873, -1.394 
5209, 1.897, -0.009 
5208, 1.953, 0.162 
9041, -0.093, 0.557 
9040, 1.041, 0.661 
9047, 0.610, 0.485 
9046, -0.214, 0.545 
9045, 0.610, 0.485 
5198, -2.968, -0.927 
8912, 1.104, 0.632 
8913, 1.116, 0.625 
8910, -2.103, 0.092 
8911, -3.183, 0.269 
8916, -3.382, -0.259 
8917, -3.385, -0.261 
8914, -2.250, -0.753 
8915, -2.248, -0.750 
8918, -3.365, -0.254 
8919, -2.390, -0.563 
7111, -1.220, -0.464 
7110, -1.220, -0.464 
7117, -1.220, -0.464 
7116, 0.398, -0.183 
7114, -1.220, -0.464 
7118, 1.103, 0.604 
6870, 2.753, -0.009 
5379, 1.261, 0.069 
5378, 1.514, -0.178 
5375, 2.299, -0.080 
5374, 1.766, -0.152 
5377, 1.469, -0.371 
5376, 1.818, -0.736 
5371, 1.594, -1.459 
5370, 1.540, -1.476 
5373, 1.717, 2.789 
5372, 1.006, 0.219 
8223, 2.055, -0.961 
8224, 2.056, -0.964 
8225, 3.038, 3.187 
8227, 2.067, -0.982 
5892, -1.833, -0.330 
7320, 1.081, 0.614 
9815, -2.166, -0.552 
7609, -2.974, -0.912 
7608, -2.974, -0.912 
7607, -2.629, -0.935 
7477, 2.157, -1.012 
7604, -2.350, -1.165 
7603, -2.800, -0.805 
7602, 1.730, -2.018 
7601, -2.757, -1.082 
7600, -2.527, -0.113 
6392, -2.816, 0.251 
9850, -2.908, 0.027 
8683, 1.139, 0.603 
8680, 1.109, 0.177 
8681, 0.594, 0.030 
9854, 1.676, -1.106 
6454, 2.544, -0.816 
9856, 1.775, -0.509 
9857, 1.541, 0.130 
6459, -2.816, 0.251 
8135, 2.071, -1.030 
8136, 2.071, -1.030 
8689, 1.115, 0.033 
8131, 0.112, 1.802 
8132, 1.242, -1.255 
8133, 0.570, 0.709 
9683, 1.971, -0.671 
5568, -2.952, -0.474 
5569, -2.966, -0.465 
5564, -3.242, -0.625 
5565, -3.199, -0.665 
5566, -3.192, -0.612 
5567, 0.651, -0.376 
5560, 0.658, -0.391 
5561, -2.673, -0.335 
5562, -2.524, -0.468 
5563, -2.905, -0.431 
7739, 2.857, 3.982 
7738, 2.860, 3.970 
7733, 2.144, 0.221 
7732, 3.253, 4.379 
7731, 1.436, -1.207 
7730, 2.853, 3.241 
7737, 2.864, 3.912 
7736, 2.860, 4.240 
7735, 2.873, 3.901 
7734, 2.886, 3.952 
8358, 1.171, -0.034 
8359, 1.249, -0.422 
8351, 1.086, 1.166 
8354, -2.701, -0.286 
5709, 1.126, -2.067 
8194, 1.680, -0.744 
6458, 0.319, 3.215 
7427, 1.054, 1.046 
7426, 2.638, 2.764 
7425, 2.488, 1.096 
7424, 2.093, 1.269 
7423, 2.172, 1.100 
7422, 2.475, 1.246 
7421, 2.491, 1.141 
7420, 2.480, 1.178 
7429, 1.448, 0.871 
6600, 2.466, -0.286 
6864, 1.866, -0.644 
6603, 1.077, 2.354 
6604, 0.925, 1.307 
6605, 0.925, 1.307 
6608, 0.444, -0.937 
6438, 1.256, 2.382 
7853, 0.785, -0.990 
5946, -2.522, -2.909 
5947, -3.051, 0.177 
5945, -3.255, 0.013 
5017, 1.060, 0.653 
5785, -3.423, -0.159 
5781, -3.587, 0.163 
5019, 1.040, 0.664 
5788, -2.495, -0.719 
5789, -3.723, 1.040 
6954, -3.380, -0.818 
5448, -3.288, -0.452 
5366, 1.086, -0.541 
6118, 1.136, 0.579 
6117, -0.362, 4.160 
6113, 1.012, -0.038 
7067, 0.273, -1.216 
7931, -3.484, -0.540 
7930, -4.210, -0.483 
7281, 0.986, -1.597 
7932, -2.527, -0.113 
7287, -2.937, -2.020 
7934, 1.124, 0.620 
7394, 2.460, -0.065 
7936, -0.775, -0.240 
9106, 0.610, 0.485 
9104, 1.049, 0.651 
9105, 0.610, 0.485 
5764, 1.098, 0.634 
9103, 0.610, 0.485 
9101, 0.610, 0.485 
7975, 0.507, 0.366 
5445, 1.620, 0.605 
9491, 2.681, 2.795 
5444, 0.878, -1.680 
4923, -2.547, 0.479 
4922, -2.968, -0.927 
4921, -5.694, 1.482 
4920, -5.082, 1.288 
4926, -2.750, -1.027 
4925, -3.312, -0.712 
4924, -3.462, -0.556 
4929, 1.768, -1.591 
4928, -3.312, -0.712 
7970, -4.162, -0.278 
6028, -3.736, -0.129 
6029, -2.524, -0.132 
9496, 1.553, -0.729 
6022, 2.811, 1.394 
6027, -3.637, -0.090 
5160, -3.401, -0.625 
5163, 1.582, -0.492 
5164, 0.367, 0.458 
5165, 2.048, 0.283 
5166, 1.403, -0.649 
5167, -2.895, 1.043 
5168, -2.717, 0.417 
5169, -3.263, 0.756 
9218, 2.052, -0.955 
9212, 1.135, 0.601 
9213, 1.128, 0.607 
9210, 1.132, 0.603 
9211, 1.135, 0.601 
9216, 1.139, 0.598 
9217, 0.509, 0.047 
9214, 1.138, 0.598 
9215, 1.138, 0.598 
6334, 1.122, 0.622 
6335, 1.117, 0.625 
6336, 1.117, 0.625 
6337, 1.121, 0.622 
6330, 1.114, 0.627 
9698, 1.942, 0.493 
6333, 1.119, 0.623 
4857, -3.440, -0.111 
4855, 1.087, 0.638 
4854, 1.093, 0.638 
6338, 1.389, 2.754 
4852, 1.098, 0.632 
4851, 1.086, 0.640 
4850, 1.098, 0.635 
9076, 1.048, -0.057 
9077, -3.157, -0.231 
9074, -2.513, -0.951 
9072, -2.438, -0.914 
9073, -2.498, -0.944 
9070, -2.533, -1.008 
9071, -2.339, -0.841 
9078, -2.635, -0.382 
9079, -2.695, -0.365 
9674, 1.937, -0.399 
9675, 2.004, -0.317 
9676, 1.607, 0.805 
9677, 1.607, 0.805 
9670, 2.450, -0.333 
9671, 2.529, 1.242 
9673, 2.318, 0.083 
9678, 1.607, 0.805 
9679, 2.050, 0.137 
6964, -0.123, -0.877 
8624, -2.891, 0.050 
8909, -2.516, 0.145 
8908, -1.940, -0.447 
8905, 0.304, -0.871 
8907, -1.958, -0.460 
8906, -0.929, 0.114 
8627, 1.356, 0.453 
8152, 2.017, -1.487 
6063, 0.687, -0.731 
5665, -3.051, -0.363 
6842, 2.079, 1.906 
6843, 2.079, 1.906 
6841, 1.305, 1.468 
6846, 2.079, 1.906 
4965, -4.256, 0.743 
5308, 2.749, 0.034 
5309, 1.386, -1.098 
5300, 1.777, 3.639 
5301, 0.744, 1.229 
5302, 1.506, 1.111 
5303, 4.036, -0.541 
5304, 2.595, 0.346 
5305, 1.646, -1.317 
5306, 2.261, 4.845 
5307, 1.811, 1.406 
7955, 1.115, 0.602 
6590, 0.820, 0.836 
6591, 1.287, 1.304 
6592, 1.124, 0.621 
6593, 2.449, -0.674 
6596, 0.574, 0.608 
6597, -0.243, 0.584 
6598, -1.417, -1.315 
6599, 1.193, 0.460 
5414, -0.524, -1.179 
5415, -0.353, -1.604 
7638, -2.732, -0.923 
5417, -0.862, -1.315 
5410, -0.062, -1.495 
5411, 0.203, -1.668 
5412, 0.432, -1.618 
5413, -0.110, -1.540 
7632, -2.656, -1.080 
7633, -3.037, -0.820 
7631, -2.755, -0.996 
5418, -1.303, -0.608 
5419, -1.410, -1.336 
7953, 1.119, 0.620 
7635, -3.035, -0.816 
9169, -0.538, 0.506 
5778, -3.587, 0.163 
6930, 0.584, 0.338 
6936, 0.194, -1.367 
8698, 1.213, 0.389 
6935, 0.637, 0.735 
8695, -2.446, -1.027 
6938, 0.170, -1.139 
6939, 0.161, -1.144 
5774, -3.592, 0.015 
8692, 1.142, 0.600 
7707, 2.979, 3.713 
5579, -2.944, -0.428 
5578, -2.899, -0.514 
5577, 1.041, 0.671 
5576, 1.007, 0.695 
5575, 1.041, 0.671 
5574, -3.024, -0.567 
5573, -3.011, -0.545 
5572, -2.961, -0.471 
5571, -3.180, -0.617 
5570, -3.192, -0.612 
6143, 1.257, 2.379 
9645, 0.858, -0.129 
8343, 1.251, -0.420 
8342, 1.040, 0.268 
8341, 1.250, -0.419 
8340, 1.251, -0.420 
8346, 1.039, 0.274 
8345, 0.069, -0.880 
8344, 1.250, -0.420 
9164, -0.630, 0.540 
9641, 0.947, -0.061 
9640, 0.883, -0.071 
7412, 1.282, 0.497 
7413, 1.282, 0.497 
7410, 1.299, 0.422 
7411, 2.434, 1.429 
7416, 1.421, 0.927 
7417, 1.321, 0.770 
7414, 1.120, 0.619 
7415, 1.120, 0.619 
7418, 1.385, 1.690 
7419, 2.800, 1.765 
8956, -3.285, -0.285 
8954, -3.306, -0.158 
9812, 0.339, -1.024 
6610, 1.672, -0.532 
6617, 2.310, -0.099 
6614, 0.202, -0.405 
5951, -2.201, -0.261 
5950, -2.524, -0.132 
5953, -2.068, -1.178 
5952, -3.785, 1.134 
5955, -3.470, 0.167 
5954, -2.524, -0.132 
5957, -2.521, -2.934 
5956, -2.707, 0.020 
5959, -4.365, -0.130 
5958, -2.430, -0.170 
5793, -2.524, -0.132 
7278, 0.667, -1.832 
5799, -3.046, -0.210 
5798, -2.654, -0.906 
7279, -2.527, -0.113 
9690, -2.418, -0.309 
8958, -2.738, -0.414 
6451, 1.257, 2.381 
5084, -2.425, -0.629 
6101, -2.524, -0.132 
9161, -0.706, 0.487 
9118, 1.127, 0.608 
9111, 1.087, 0.631 
9110, 0.597, -1.165 
9113, 1.069, 0.507 
9444, 1.620, -1.048 
9115, 1.033, 0.529 
9114, 1.051, 0.523 
9117, -3.365, -0.254 
9440, 1.450, -1.180 
7946, -0.892, -0.315 
4918, -3.498, 0.381 
4919, -4.461, 0.452 
4916, -3.567, 0.414 
4917, -4.466, 0.343 
4914, -2.747, -1.026 
5750, -2.934, -0.852 
6032, 1.211, 0.567 
6031, 1.536, 2.169 
6030, 1.536, 2.169 
6034, -0.838, -1.636 
9205, -2.210, -0.785 
5172, -3.791, 0.288 
5171, -3.791, 0.288 
5170, -3.794, 0.313 
9201, -2.209, -0.784 
9200, -2.208, -0.783 
5175, 0.858, -1.385 
5174, 0.875, -1.303 
5179, 0.016, -1.807 
5178, 0.873, -1.300 
9209, -2.890, -0.386 
9208, -2.892, -0.385 
8022, 2.266, -1.052 
7388, 1.956, 3.028 
7389, 3.711, -1.546 
8023, 2.408, -1.019 
7386, 1.149, -0.612 
8020, 2.122, -1.080 
8533, 1.100, 0.541 
9983, 1.145, -0.334 
6327, 1.114, 0.627 
6325, 1.119, 0.624 
6324, 1.119, 0.624 
6323, 1.102, 0.731 
8024, 2.122, -1.080 
9681, 2.610, -0.222 
9680, 2.457, -0.145 
4860, -3.596, 0.175 
8025, 1.872, -1.037 
4866, 1.577, -0.391 
6329, 1.115, 0.626 
6328, 1.114, 0.627 
9061, -0.485, 0.364 
9060, -0.093, 0.460 
9063, -0.116, 0.535 
9065, -0.085, 0.453 
9064, -0.254, 0.495 
5349, 0.378, -0.781 
9069, -2.504, -0.965 
7443, 2.348, 1.102 
5619, -2.933, -0.857 
9663, -2.544, -0.367 
9662, 1.455, 0.508 
9661, 0.767, 1.530 
9660, 1.150, 0.537 
9669, 2.466, -0.444 
7444, 2.371, 1.087 
7254, -3.349, -0.480 
7256, 1.866, -1.460 
7257, -2.527, -0.113 
7250, 2.069, -1.697 
7251, 2.105, -1.817 
7253, 0.941, -0.852 
4893, -3.601, 0.149 
7258, 1.654, 0.689 
7259, 1.940, 0.262 
8978, 1.088, 0.631 
8979, 0.623, 0.493 
6564, 1.086, 0.664 
8970, -3.113, -0.092 
8971, -2.435, -1.199 
8972, -2.231, -1.011 
8973, -3.090, -0.874 
8974, -3.603, -0.242 
5610, -3.175, -0.565 
8976, -1.953, -1.035 
8977, 0.552, -0.683 
9542, 0.602, -0.717 
5336, 1.086, -0.541 
5617, -2.944, -0.428 
5614, -3.176, -0.567 
7014, 0.279, -1.214 
5318, -3.199, -0.640 
5313, 2.000, -2.061 
5312, 1.773, -2.175 
5311, 1.145, -1.826 
5310, 1.701, -1.705 
5317, 0.391, -1.912 
5316, 0.805, -1.822 
5315, 1.105, -1.562 
5314, 1.599, -2.211 
8807, -1.943, -0.314 
9807, 1.643, 0.462 
8802, 0.398, 0.079 
8808, -1.940, -0.312 
8809, -1.803, -0.226 
7945, -0.074, 0.139 
6580, 0.925, 1.307 
6587, 0.507, -0.833 
8207, -3.257, -0.460 
8756, -2.153, 0.089 
8205, 1.990, -0.700 
8752, -2.152, 0.089 
8201, 1.990, -0.700 
7624, -3.262, -0.468 
7621, 0.871, 2.000 
7620, 0.868, 2.001 
7623, 0.920, 2.020 
7622, 0.920, 2.020 
9442, 1.519, -1.013 
9116, 1.028, -0.534 
7629, -2.880, -0.722 
9193, -1.971, -1.269 
5406, 0.451, -2.472 
5405, 0.877, -1.926 
5404, 1.004, -2.417 
5403, 1.433, -2.282 
5402, 1.776, -1.785 
5401, 0.805, -1.557 
5400, 2.046, -2.493 
5409, 0.767, -2.032 
5408, 0.884, -1.988 
5231, -3.371, -0.159 
6929, 0.584, 0.338 
6928, 0.584, 0.338 
6925, 1.153, 0.584 
8113, 1.021, -0.211 
6927, 2.831, -0.813 
6926, 0.194, -1.367 
8117, 0.999, -0.092 
9870, 2.279, -0.028 
8115, 0.750, 0.038 
5548, 0.920, 0.657 
7712, 2.875, 3.886 
7715, 2.870, 3.924 
7714, 2.855, 3.231 
7717, 2.859, 3.909 
7716, 2.871, 3.954 
7719, -2.527, -0.113 
7718, 2.868, 3.924 
5540, -0.276, 0.896 
5541, -0.285, 0.897 
5546, 0.863, 0.665 
5547, 0.833, 0.678 
5544, 0.105, 0.691 
5545, 0.878, 0.667 
8598, -0.511, 0.703 
8599, -0.714, 0.547 
8596, -0.460, 0.598 
8597, -0.290, 0.609 
8594, -2.741, 0.095 
8595, 0.041, 0.744 
8592, 1.407, -1.490 
8593, -0.215, 0.032 
8590, 2.430, -2.387 
8591, 1.265, -1.631 
8372, 1.906, -1.159 
8371, 1.424, -1.005 
9802, 2.172, 3.212 
8378, 1.111, 0.616 
8379, 0.761, 0.198 
5890, -2.287, -0.697 
5891, -2.825, -0.841 
8576, 0.509, 0.047 
8577, 0.522, 0.074 
8570, -0.207, -0.870 
8571, 0.305, -0.174 
8572, -0.324, 0.220 
5898, 0.656, 0.179 
5899, -2.524, -0.132 
8578, 0.499, 0.108 
7409, 1.282, 0.497 
7408, 2.580, 1.207 
7943, 0.521, 0.415 
5766, 1.929, 3.417 
6620, 2.504, -0.231 
6621, 1.622, 0.120 
9894, 1.763, -0.926 
9895, 2.735, -0.382 
6038, 2.313, -0.610 
9890, 1.584, -0.894 
9891, 0.801, 0.497 
9893, 1.586, -0.870 
9898, 1.767, -0.840 
9899, 1.731, -0.921 
7563, 1.205, 0.091 
9601, 0.318, -0.998 
6995, 1.082, 0.406 
6138, -2.939, -0.887 
6139, -2.939, -0.887 
8143, 1.254, -1.271 
6132, 1.500, 0.799 
6137, -2.944, -0.875 
6135, 1.620, 0.534 
5173, -2.984, 0.236 
9478, 3.117, 3.949 
9204, -2.897, -0.385 
9477, 2.685, 2.820 
9206, -2.211, -0.786 
5177, 0.963, -1.392 
5176, 0.336, -1.738 
6006, 1.762, -0.752 
6004, 1.536, 2.169 
6005, 1.357, -0.044 
6002, 1.473, 1.707 
6003, 1.473, 1.707 
6000, 1.536, 2.169 
6001, 1.210, 0.580 
4901, 2.144, 0.194 
4903, -5.326, 1.058 
9202, -2.210, -0.785 
4904, -3.402, -0.071 
8188, -3.247, -0.483 
9270, -2.414, -0.772 
9271, -2.700, -0.635 
9272, -2.717, -0.997 
9273, -2.824, -0.145 
9274, -2.572, -0.647 
9276, -0.280, -0.132 
9277, -0.168, -0.325 
9278, -2.963, -1.108 
9279, -2.743, -1.159 
5144, 1.554, 0.430 
5142, 0.457, 0.717 
5143, 0.842, 0.725 
5141, 1.044, 0.668 
7560, 0.355, -0.446 
7221, 0.589, -1.598 
8984, -2.214, -0.964 
7438, 1.141, 0.600 
5078, -3.154, -0.583 
7439, 1.129, 0.607 
6310, 1.139, 0.606 
8986, -2.304, -0.856 
5424, -3.431, -0.139 
7225, 0.855, -1.232 
8980, 0.610, 0.485 
9098, -1.549, -1.188 
8983, -0.989, 0.509 
9094, -3.269, -0.445 
7166, 0.698, -0.099 
9096, 1.049, 0.651 
7226, 1.991, -0.909 
9090, 0.295, -0.141 
9091, -0.013, -0.446 
9092, -3.239, -0.485 
5420, -1.340, -1.393 
9652, 0.895, -0.137 
9653, 0.801, -0.143 
9650, 0.605, -0.167 
9651, 0.856, -0.139 
9656, 2.505, -0.232 
9657, 3.033, 0.022 
9654, -1.694, -0.384 
9165, -0.592, 0.517 
9304, -2.911, 0.126 
9305, -2.934, 0.125 
9306, -2.709, -0.271 
7165, 0.702, -0.093 
9300, -0.131, -0.043 
9301, 0.886, 0.136 
6443, 1.150, 1.681 
9303, -2.833, -0.410 
7247, -2.527, -0.113 
5099, -1.339, -0.564 
7244, 0.301, -1.648 
7240, 0.817, -0.239 
7015, 1.115, 0.602 
8989, -2.193, -1.247 
5092, -0.920, -0.397 
5095, -1.312, -0.576 
5097, -1.339, -0.564 
8969, -2.484, -1.181 
8968, -2.732, -0.733 
9162, -0.375, 0.540 
9788, 3.171, 4.768 
8962, -1.784, -0.918 
8961, -2.839, -0.101 
8967, -3.021, -0.038 
8966, -3.112, -0.218 
8965, -2.802, -0.591 
8964, 0.861, 0.748 
6826, 1.153, 0.584 
6829, 1.225, -0.781 
5326, -3.074, -1.548 
5327, -3.074, -1.548 
5324, -3.074, -1.548 
5325, -3.074, -1.548 
5322, -3.074, -1.548 
5323, -3.128, 1.104 
5320, -2.626, 0.351 
5328, -3.128, 1.104 
5329, -2.467, 0.711 
8815, 1.222, -0.662 
8814, 1.082, 0.073 
8813, 1.128, 0.607 
8812, 1.128, 0.607 
8811, -2.236, -0.459 
8810, -2.236, -0.459 
8170, 1.116, 0.458 
8749, -2.152, 0.089 
8171, 1.124, 0.620 
8211, -3.145, -0.443 
8210, 2.268, 3.672 
8745, 0.595, -1.150 
8212, 1.990, -0.700 
8786, -1.795, -0.218 
8217, -2.833, -1.135 
7650, -3.035, -0.816 
7651, -2.723, -1.372 
7652, -2.077, -1.110 
7653, 1.307, 0.449 
7654, -2.709, -1.012 
7655, -3.417, -0.545 
7656, -3.395, -0.588 
7658, -2.709, -1.012 
7096, 2.310, 0.602 
7097, 2.310, 0.602 
5430, 2.234, 6.706 
9561, -0.454, -1.996 
5438, 0.497, 1.224 
5439, 0.869, -1.583 
9562, -0.463, -1.987 
9564, -0.453, -1.982 
6322, 1.096, 0.811 
8105, 0.271, -0.342 
8104, -2.527, -0.113 
8107, 2.931, 0.621 
8106, 0.328, -0.692 
8101, 0.122, 0.113 
9566, -0.463, -1.987 
8108, 0.948, -0.121 
5555, -2.991, -0.430 
5554, -2.983, -0.437 
6488, 0.467, -2.527 
6489, 0.281, 0.969 
5653, -3.176, -0.711 
9569, -0.459, -1.976 
6482, -5.888, 1.448 
6483, 2.743, 0.187 
9863, 1.690, -0.676 
6481, 1.045, 0.634 
5559, -2.993, -0.426 
9864, 1.731, -0.895 
6484, 0.490, 2.250 
9866, 1.731, -0.895 
9682, 2.144, 0.863 
8589, 0.250, 0.538 
8588, 0.533, -1.351 
8580, 0.522, 0.074 
8583, -1.041, 0.444 
8582, -2.527, -0.113 
8584, -0.295, 0.569 
8587, -0.790, 0.543 
8586, 0.367, 1.661 
5757, -2.282, -0.555 
8360, 1.249, -0.422 
6440, 1.256, 2.382 
8365, 1.285, -0.978 
8364, 1.234, -0.970 
8366, 1.410, -1.224 
8565, 1.027, 0.679 
8564, 0.203, -0.654 
8563, 0.070, -0.356 
5885, 1.545, 1.949 
8560, 0.193, -1.073 
5889, -2.287, -0.697 
5888, 1.545, 1.949 
6554, 1.478, 1.370 
6555, 1.124, 0.620 
6556, 1.105, 0.637 
6557, 1.102, 0.643 
6551, 2.470, -1.091 
6552, 1.113, 0.631 
6553, 1.118, 0.626 
5645, -3.157, -0.573 
6558, 0.955, 2.685 
6559, 0.955, 2.685 
7478, 2.174, -1.165 
7470, 1.036, 0.626 
9960, 1.663, 0.956 
7473, 2.813, 3.937 
5877, 2.293, -0.234 
9962, 1.220, -1.625 
5875, 2.504, -0.231 
6638, 0.930, 0.554 
5972, 0.760, 1.380 
6630, 1.190, 0.804 
6635, 0.894, 1.279 
6634, 1.758, -0.196 
9887, 2.279, -0.028 
7505, 1.081, -1.894 
9885, 1.051, 0.711 
7507, 1.155, -1.902 
9883, 0.583, 0.952 
7501, 1.186, -2.334 
7502, 1.150, 0.463 
7503, 0.088, 1.026 
5974, 0.425, 0.923 
7509, 1.062, -1.873 
6531, 0.750, 2.072 
6127, 0.196, -0.366 
6123, 0.195, -0.134 
6122, -2.944, -0.875 
4853, 1.090, 0.638 
6017, 0.876, 0.166 
6019, 1.644, 0.596 
7315, -2.527, -0.113 
7898, 1.194, 0.950 
7897, 1.194, 0.950 
7892, 1.630, -1.345 
7890, 1.187, -0.153 
7370, 2.357, 0.641 
7025, 1.530, 1.494 
9261, -2.231, -0.597 
9260, -2.337, -0.681 
8196, -2.527, -0.113 
9269, -2.581, -0.930 
5154, 0.637, 0.527 
7875, 1.109, 0.629 
7876, 0.358, -0.866 
7877, 1.194, 0.950 
7870, 1.570, -0.523 
7871, 1.986, -1.030 
7873, 1.708, -1.044 
5660, -3.156, -0.573 
7878, 1.194, 0.950 
7879, 1.194, 0.950 
4800, -2.860, -0.750 
4803, -1.746, -0.301 
4804, -3.221, -0.671 
4805, -3.223, -0.678 
6309, 1.127, 0.617 
6304, 1.083, 0.825 
6307, 1.143, 0.603 
9082, -2.379, -1.442 
9081, -2.687, -0.861 
9080, -2.660, -0.828 
9649, 1.535, -1.346 
9648, 1.399, -1.519 
9317, 1.090, 0.553 
9644, 1.034, -0.164 
9647, 0.862, -0.138 
9646, 0.605, -0.167 
9313, -0.189, -0.023 
9312, -0.289, -0.407 
9643, 0.605, -0.167 
9642, 0.801, -0.143 
7272, 0.797, -1.669 
8957, -2.716, -0.916 
5089, -1.244, 2.771 
7271, 1.111, 0.332 
8952, -2.287, -0.721 
8953, -3.365, -0.254 
8950, -2.179, -0.344 
8951, -2.220, -0.527 
5083, 1.095, 0.627 
5082, -3.154, -0.583 
5081, 0.569, 0.895 
5080, -3.154, -0.583 
5087, -3.010, -0.612 
5086, -3.037, -0.601 
5085, -1.702, -0.838 
8959, -2.222, 0.182 
9793, 1.679, 2.081 
9792, 1.624, 1.917 
9791, -2.587, -0.200 
9790, 3.171, 4.751 
9796, 2.321, 0.570 
6830, 1.225, -0.781 
6837, 1.237, 0.364 
6836, 1.237, 0.364 
6835, 1.237, 0.364 
6834, 3.150, -0.877 
6839, 0.501, -0.667 
6838, 1.237, 0.364 
5330, -1.734, 0.446 
5333, -1.764, -0.049 
5332, -1.734, 0.446 
5335, 1.193, -0.937 
5334, -1.764, -0.049 
5337, 1.322, -1.102 
8005, -3.247, -0.483 
5339, 1.835, -1.419 
5338, 1.645, -1.009 
8822, -1.519, 1.196 
8826, -2.760, -1.297 
8827, -2.263, -0.920 
8824, 1.126, 0.619 
8825, -2.154, 0.089 
8828, -2.362, -0.771 
8829, -2.644, 0.091 
9166, -0.751, 0.460 
8778, 1.012, 0.080 
8779, 2.458, 0.546 
8771, 0.595, -1.150 
8776, 0.556, -0.604 
8777, 2.668, 0.718 
8774, 0.150, -0.712 
8775, 0.556, -0.604 
7642, -2.528, -1.039 
7640, -3.237, -0.842 
6543, 0.750, 2.086 
7030, 1.263, 0.414 
7083, 1.569, 1.537 
5429, -0.798, -1.302 
5428, -0.486, 1.427 
7086, 0.700, -1.266 
5425, 1.808, 4.997 
7088, 0.700, -1.266 
5427, 2.659, 6.153 
5426, 1.640, 4.310 
5421, -2.371, -1.378 
9016, -2.859, -0.255 
5423, -2.940, -1.251 
5422, -2.072, -1.217 
6460, -2.043, 0.247 
9017, -0.847, 0.286 
6461, -0.436, 0.494 
6462, -0.854, 0.419 
9011, -2.919, -0.287 
6495, 0.991, -1.397 
6494, 0.880, -0.666 
6497, 0.672, -0.407 
9804, 2.172, 3.212 
6491, 0.999, 0.411 
7036, -3.847, 0.072 
6493, 0.757, 0.207 
7927, -1.413, -0.725 
9013, -2.388, -0.765 
6499, 0.588, -0.463 
7581, -2.604, -0.575 
5520, -3.938, -0.113 
5521, -2.919, 0.913 
5523, -0.129, 0.537 
5524, -0.107, 0.532 
5525, -0.106, 0.530 
5526, -0.142, 0.558 
5527, -0.478, 0.471 
5528, -0.665, 0.602 
6940, 0.167, -1.131 
6947, 1.155, 0.567 
4962, -1.439, 1.100 
7920, 1.194, 0.950 
7297, 2.253, -3.412 
7469, 1.079, 0.623 
5491, -0.652, 0.150 
7298, 0.030, 3.715 
7299, 2.613, -1.378 
9384, 0.982, 0.169 
8398, -0.630, 0.154 
8399, -1.045, 0.068 
8396, 1.291, -0.678 
8390, -0.101, -0.192 
8552, 1.109, -1.472 
8553, -2.286, -0.893 
8551, 1.124, 0.621 
8008, 2.146, -1.097 
8557, 1.337, -0.307 
8004, 0.877, -1.374 
5256, 0.172, -0.211 
8000, 1.099, 0.623 
8001, -3.249, -0.482 
8002, -3.144, -0.644 
8003, 0.727, -1.400 
5638, 2.380, -3.472 
6542, 1.123, 0.682 
6541, 1.855, -0.130 
6540, 1.762, -0.061 
6975, 0.273, -1.216 
8480, 1.352, -0.522 
8481, 1.881, -0.738 
8482, 1.010, 0.649 
8483, 1.013, 0.649 
8485, 1.352, -0.524 
8486, 1.354, -0.524 
7462, 0.599, -0.276 
7461, 0.600, 0.104 
7466, 0.511, -1.312 
7464, 0.904, 0.568 
